Sample.Num.Overall,Sample.Num.Spp,Year.1,Year.2,Location,Spp,Stage,ID.3,Island,Date.Sample,JulianDate.Sample,Use.Ad.Data,delta.15.N,delta.13.C
2,2,2007/2008,1,PAL,ADPE,AD 1E,N1A2,TOR,11/11/2007,2007315,Yes,9,-24.7
3,3,2007/2008,1,PAL,ADPE,AD 1E,N2A1,TOR,11/16/2007,2007320,Yes,8.4,-25.3
5,5,2007/2008,1,PAL,ADPE,AD 1E,N3A1,TOR,11/16/2007,2007320,Yes,8.8,-25.3
6,6,2007/2008,1,PAL,ADPE,AD 1E,N3A2,TOR,11/16/2007,2007320,Yes,8.7,-25.3
10,10,2007/2008,1,PAL,ADPE,AD 1E,N5A2,TOR,11/9/2007,2007313,Yes,9.1,-25.1
11,11,2007/2008,1,PAL,ADPE,AD 1E,N6A1,TOR,11/9/2007,2007313,Yes,8.6,-25.2
15,15,2007/2008,1,PAL,ADPE,AD 1E,N8A1,TOR,11/16/2007,2007320,Yes,8.6,-25.2
17,17,2007/2008,1,PAL,ADPE,AD 1E,N9A1,TOR,11/12/2007,2007316,Yes,9.2,-25.1
18,18,2007/2008,1,PAL,ADPE,AD 1E,N9A2,TOR,11/12/2007,2007316,Yes,8.7,-25.1
19,19,2007/2008,1,PAL,ADPE,AD 1E,N10A1,TOR,11/16/2007,2007320,Yes,8.5,-25.2
20,20,2007/2008,1,PAL,ADPE,AD 1E,N10A2,TOR,11/16/2007,2007320,Yes,9.1,-24.8
21,21,2007/2008,1,PAL,ADPE,AD 1E,N11A1,BIS,11/12/2007,2007316,Yes,8.7,-25.1
22,22,2007/2008,1,PAL,ADPE,AD 1E,N11A2,BIS,11/12/2007,2007316,Yes,8.7,-25.1
23,23,2007/2008,1,PAL,ADPE,AD 1E,N12A1,BIS,11/12/2007,2007316,Yes,9.2,-25
24,24,2007/2008,1,PAL,ADPE,AD 1E,N12A2,BIS,11/12/2007,2007316,Yes,8.4,-25.2
25,25,2007/2008,1,PAL,ADPE,AD 1E,N13A1,BIS,11/10/2007,2007314,Yes,9.6,-25.3
26,26,2007/2008,1,PAL,ADPE,AD 1E,N13A2,BIS,11/10/2007,2007314,Yes,9.2,-24.4
27,27,2007/2008,1,PAL,ADPE,AD 1E,N17A1,BIS,11/12/2007,2007316,Yes,8.9,-25.4
28,28,2007/2008,1,PAL,ADPE,AD 1E,N17A2,BIS,11/12/2007,2007316,Yes,8.1,-25.5
31,31,2007/2008,1,PAL,ADPE,AD 1E,N21A1,DRE,11/9/2007,2007313,Yes,9.7,-25.1
32,32,2007/2008,1,PAL,ADPE,AD 1E,N21A2,DRE,11/9/2007,2007313,Yes,9.7,-25
33,33,2007/2008,1,PAL,ADPE,AD 1E,N22A1,DRE,11/9/2007,2007313,Yes,9.7,-25.1
34,34,2007/2008,1,PAL,ADPE,AD 1E,N22A2,DRE,11/9/2007,2007313,Yes,8.8,-25.1
35,35,2007/2008,1,PAL,ADPE,AD 1E,N23A1,DRE,11/16/2007,2007320,Yes,9.2,-25.2
36,36,2007/2008,1,PAL,ADPE,AD 1E,N23A2,DRE,11/16/2007,2007320,Yes,9.2,-25
37,37,2007/2008,1,PAL,ADPE,AD 1E,N24A1,DRE,11/16/2007,2007320,Yes,9.2,-25.1
38,38,2007/2008,1,PAL,ADPE,AD 1E,N24A2,DRE,11/16/2007,2007320,Yes,8,-25.5
41,41,2007/2008,1,PAL,ADPE,AD 1E,N26A1,DRE,11/16/2007,2007320,Yes,9.7,-24.4
43,43,2007/2008,1,PAL,ADPE,AD 1E,N27A1,DRE,11/19/2007,2007323,Yes,9.5,-25
44,44,2007/2008,1,PAL,ADPE,AD 1E,N27A2,DRE,11/19/2007,2007323,Yes,9.2,-24.5
45,45,2007/2008,1,PAL,ADPE,AD 1E,N28A1,DRE,11/16/2007,2007320,Yes,9.4,-25
46,46,2007/2008,1,PAL,ADPE,AD 1E,N28A2,DRE,11/16/2007,2007320,Yes,9.5,-24.1
49,49,2007/2008,1,PAL,ADPE,AD 1E,N30A1,DRE,11/13/2007,2007317,Yes,9.5,-25.1
50,50,2007/2008,1,PAL,ADPE,AD 1E,N30A2,DRE,11/13/2007,2007317,Yes,8.9,-25.2
51,51,2008/2009,2,PAL,ADPE,AD 1E,N21A1,BIS,11/6/2008,2008311,Yes,8.5,-26.1
52,52,2008/2009,2,PAL,ADPE,AD 1E,N21A2,BIS,11/6/2008,2008311,Yes,8.5,-26.6
53,53,2008/2009,2,PAL,ADPE,AD 1E,N22A1,BIS,11/9/2008,2008314,Yes,8.2,-26.2
54,54,2008/2009,2,PAL,ADPE,AD 1E,N22A2,BIS,11/9/2008,2008314,Yes,8.5,-26.3
55,55,2008/2009,2,PAL,ADPE,AD 1E,N23A1,BIS,11/9/2008,2008314,Yes,8.4,-26.5
56,56,2008/2009,2,PAL,ADPE,AD 1E,N23A2,BIS,11/9/2008,2008314,Yes,8.4,-26.3
57,57,2008/2009,2,PAL,ADPE,AD 1E,N24A1,BIS,11/15/2008,2008320,Yes,8.6,-26.1
58,58,2008/2009,2,PAL,ADPE,AD 1E,N24A2,BIS,11/15/2008,2008320,Yes,8.6,-26
59,59,2008/2009,2,PAL,ADPE,AD 1E,N25A1,BIS,11/15/2008,2008320,Yes,9.1,-25.9
60,60,2008/2009,2,PAL,ADPE,AD 1E,N25A2,BIS,11/15/2008,2008320,Yes,9.1,-25.9
61,61,2008/2009,2,PAL,ADPE,AD 1E,N27A1,BIS,11/13/2008,2008318,Yes,9,-26.4
62,62,2008/2009,2,PAL,ADPE,AD 1E,N27A2,BIS,11/13/2008,2008318,Yes,8.7,-26.4
63,63,2008/2009,2,PAL,ADPE,AD 1E,N28A1,BIS,11/13/2008,2008318,Yes,8.6,-26.2
64,64,2008/2009,2,PAL,ADPE,AD 1E,N28A2,BIS,11/13/2008,2008318,Yes,8.6,-26.6
65,65,2008/2009,2,PAL,ADPE,AD 1E,N29A1,BIS,11/13/2008,2008318,Yes,8.6,-26.1
66,66,2008/2009,2,PAL,ADPE,AD 1E,N29A2,BIS,11/13/2008,2008318,Yes,8.9,-26.1
67,67,2008/2009,2,PAL,ADPE,AD 1E,N30A1,BIS,11/6/2008,2008311,Yes,8.6,-26
68,68,2008/2009,2,PAL,ADPE,AD 1E,N30A2,BIS,11/6/2008,2008311,Yes,8.7,-25.8
71,71,2008/2009,2,PAL,ADPE,AD 1E,N34A1,TOR,11/15/2008,2008320,Yes,7.9,-26.6
72,72,2008/2009,2,PAL,ADPE,AD 1E,N34A2,TOR,11/15/2008,2008320,Yes,9.3,-25.2
73,73,2008/2009,2,PAL,ADPE,AD 1E,N35A1,TOR,11/11/2008,2008316,Yes,8.3,-26.6
74,74,2008/2009,2,PAL,ADPE,AD 1E,N35A2,TOR,11/11/2008,2008316,Yes,8.2,-26.5
75,75,2008/2009,2,PAL,ADPE,AD 1E,N36A1,TOR,11/8/2008,2008313,Yes,8.7,-26.2
76,76,2008/2009,2,PAL,ADPE,AD 1E,N36A2,TOR,11/8/2008,2008313,Yes,8.3,-26.4
77,77,2008/2009,2,PAL,ADPE,AD 1E,N37A1,TOR,11/7/2008,2008312,Yes,8.5,-26
78,78,2008/2009,2,PAL,ADPE,AD 1E,N37A2,TOR,11/7/2008,2008312,Yes,8.4,-26.4
79,79,2008/2009,2,PAL,ADPE,AD 1E,N38A1,TOR,11/10/2008,2008315,Yes,7.8,-26.5
80,80,2008/2009,2,PAL,ADPE,AD 1E,N38A2,TOR,11/10/2008,2008315,Yes,9.1,-25.8
81,81,2008/2009,2,PAL,ADPE,AD 1E,N39A1,TOR,11/4/2008,2008309,Yes,7.7,-26.5
82,82,2008/2009,2,PAL,ADPE,AD 1E,N39A2,TOR,11/4/2008,2008309,Yes,8.6,-26.2
83,83,2008/2009,2,PAL,ADPE,AD 1E,N40A1,TOR,11/7/2008,2008312,Yes,7.9,-26.2
84,84,2008/2009,2,PAL,ADPE,AD 1E,N40A2,TOR,11/7/2008,2008312,Yes,8.9,-26.5
85,85,2008/2009,2,PAL,ADPE,AD 1E,N41A1,DRE,11/17/2008,2008322,Yes,8.3,-26.4
86,86,2008/2009,2,PAL,ADPE,AD 1E,N41A2,DRE,11/17/2008,2008322,Yes,9.1,-26.1
87,87,2008/2009,2,PAL,ADPE,AD 1E,N42A1,DRE,11/8/2008,2008313,Yes,8.6,-26.2
88,88,2008/2009,2,PAL,ADPE,AD 1E,N42A2,DRE,11/8/2008,2008313,Yes,8.6,-26.1
89,89,2008/2009,2,PAL,ADPE,AD 1E,N44A1,DRE,11/8/2008,2008313,Yes,9.1,-26.1
90,90,2008/2009,2,PAL,ADPE,AD 1E,N44A2,DRE,11/8/2008,2008313,Yes,8.4,-26.1
91,91,2008/2009,2,PAL,ADPE,AD 1E,N45A1,DRE,11/14/2008,2008319,Yes,8.5,-26.1
92,92,2008/2009,2,PAL,ADPE,AD 1E,N45A2,DRE,11/14/2008,2008319,Yes,8.8,-25.8
93,93,2008/2009,2,PAL,ADPE,AD 1E,N46A1,DRE,11/5/2008,2008310,Yes,8,-26.7
94,94,2008/2009,2,PAL,ADPE,AD 1E,N46A2,DRE,11/5/2008,2008310,Yes,8.5,-26.4
95,95,2008/2009,2,PAL,ADPE,AD 1E,N48A1,DRE,11/17/2008,2008322,Yes,8.9,-26.3
96,96,2008/2009,2,PAL,ADPE,AD 1E,N48A2,DRE,11/17/2008,2008322,Yes,8.5,-26.6
97,97,2008/2009,2,PAL,ADPE,AD 1E,N49A1,DRE,11/8/2008,2008313,Yes,8.1,-26.5
98,98,2008/2009,2,PAL,ADPE,AD 1E,N49A2,DRE,11/8/2008,2008313,Yes,8.4,-26
99,99,2008/2009,2,PAL,ADPE,AD 1E,N50A1,DRE,11/10/2008,2008315,Yes,9,-26.2
100,100,2008/2009,2,PAL,ADPE,AD 1E,N50A2,DRE,11/10/2008,2008315,Yes,9,-26
101,101,2009/2010,3,PAL,ADPE,AD 1E,N47A1,BIS,11/9/2009,2009313,Yes,8.8,-26.3
102,102,2009/2010,3,PAL,ADPE,AD 1E,N47A2,BIS,11/9/2009,2009313,Yes,9,-26.4
103,103,2009/2010,3,PAL,ADPE,AD 1E,N49A1,BIS,11/15/2009,2009319,Yes,9.2,-26.2
104,104,2009/2010,3,PAL,ADPE,AD 1E,N49A2,BIS,11/15/2009,2009319,Yes,9.5,-25.7
105,105,2009/2010,3,PAL,ADPE,AD 1E,N51A1,BIS,11/17/2009,2009321,Yes,9,-25.9
106,106,2009/2010,3,PAL,ADPE,AD 1E,N51A2,BIS,11/17/2009,2009321,Yes,8.9,-25.8
107,107,2009/2010,3,PAL,ADPE,AD 1E,N53A1,BIS,11/15/2009,2009319,Yes,8.8,-26.5
108,108,2009/2010,3,PAL,ADPE,AD 1E,N53A2,BIS,11/15/2009,2009319,Yes,9.6,-25.7
109,109,2009/2010,3,PAL,ADPE,AD 1E,N55A1,BIS,11/20/2009,2009324,Yes,9.8,-25.3
110,110,2009/2010,3,PAL,ADPE,AD 1E,N55A2,BIS,11/20/2009,2009324,Yes,9.3,-25.5
111,111,2009/2010,3,PAL,ADPE,AD 1E,N58A1,BIS,11/12/2009,2009316,Yes,8.4,-26.6
112,112,2009/2010,3,PAL,ADPE,AD 1E,N58A2,BIS,11/12/2009,2009316,Yes,8.7,-26.3
113,113,2009/2010,3,PAL,ADPE,AD 1E,N60A1,BIS,11/15/2009,2009319,Yes,9,-26.1
114,114,2009/2010,3,PAL,ADPE,AD 1E,N60A2,BIS,11/15/2009,2009319,Yes,8.8,-26.4
115,115,2009/2010,3,PAL,ADPE,AD 1E,N61A1,BIS,11/17/2009,2009321,Yes,8.8,-26.8
116,116,2009/2010,3,PAL,ADPE,AD 1E,N61A2,BIS,11/17/2009,2009321,Yes,8.9,-26.4
117,117,2009/2010,3,PAL,ADPE,AD 1E,N63A1,TOR,11/19/2009,2009323,Yes,9.2,-25.8
118,118,2009/2010,3,PAL,ADPE,AD 1E,N63A2,TOR,11/19/2009,2009323,Yes,9.5,-26.4
119,119,2009/2010,3,PAL,ADPE,AD 1E,N64A1,TOR,11/22/2009,2009326,Yes,9,-23.9
120,120,2009/2010,3,PAL,ADPE,AD 1E,N64A2,TOR,11/22/2009,2009326,Yes,9.3,-26.1
123,123,2009/2010,3,PAL,ADPE,AD 1E,N67A1,TOR,11/16/2009,2009320,Yes,9.3,-25.6
124,124,2009/2010,3,PAL,ADPE,AD 1E,N67A2,TOR,11/16/2009,2009320,Yes,9.6,-25.4
125,125,2009/2010,3,PAL,ADPE,AD 1E,N69A1,TOR,11/18/2009,2009322,Yes,8.8,-26
126,126,2009/2010,3,PAL,ADPE,AD 1E,N69A2,TOR,11/18/2009,2009322,Yes,9.2,-25.6
127,127,2009/2010,3,PAL,ADPE,AD 1E,N71A1,TOR,11/21/2009,2009325,Yes,8.9,-25.9
128,128,2009/2010,3,PAL,ADPE,AD 1E,N71A2,TOR,11/21/2009,2009325,Yes,8.5,-26
129,129,2009/2010,3,PAL,ADPE,AD 1E,N72A1,TOR,11/19/2009,2009323,Yes,9.2,-25.7
130,130,2009/2010,3,PAL,ADPE,AD 1E,N72A2,TOR,11/19/2009,2009323,Yes,9.1,-26
133,133,2009/2010,3,PAL,ADPE,AD 1E,N76A1,DRE,11/10/2009,2009314,Yes,9,-25.6
134,134,2009/2010,3,PAL,ADPE,AD 1E,N76A2,DRE,11/10/2009,2009314,Yes,8.6,-26.5
135,135,2009/2010,3,PAL,ADPE,AD 1E,N77A1,DRE,11/13/2009,2009317,Yes,8.7,-25.8
136,136,2009/2010,3,PAL,ADPE,AD 1E,N77A2,DRE,11/13/2009,2009317,Yes,8.9,-26.1
137,137,2009/2010,3,PAL,ADPE,AD 1E,N78A1,DRE,11/17/2009,2009321,Yes,8.8,-26
138,138,2009/2010,3,PAL,ADPE,AD 1E,N78A2,DRE,11/17/2009,2009321,Yes,9,-26.3
141,141,2009/2010,3,PAL,ADPE,AD 1E,N80A1,DRE,11/16/2009,2009320,Yes,9.3,-25.6
142,142,2009/2010,3,PAL,ADPE,AD 1E,N80A2,DRE,11/16/2009,2009320,Yes,9.2,-26
143,143,2009/2010,3,PAL,ADPE,AD 1E,N81A1,DRE,11/16/2009,2009320,Yes,8.8,-26.6
144,144,2009/2010,3,PAL,ADPE,AD 1E,N81A2,DRE,11/16/2009,2009320,Yes,9.1,-25.8
145,145,2009/2010,3,PAL,ADPE,AD 1E,N82A1,DRE,11/16/2009,2009320,Yes,9.1,-25.9
146,146,2009/2010,3,PAL,ADPE,AD 1E,N82A2,DRE,11/16/2009,2009320,Yes,9.2,-26
147,147,2009/2010,3,PAL,ADPE,AD 1E,N83A1,DRE,11/14/2009,2009318,Yes,9.1,-25.8
148,148,2009/2010,3,PAL,ADPE,AD 1E,N83A2,DRE,11/14/2009,2009318,Yes,8.7,-25.8
149,149,2009/2010,3,PAL,ADPE,AD 1E,N84A1,DRE,11/17/2009,2009321,Yes,8.9,-25.8
150,150,2009/2010,3,PAL,ADPE,AD 1E,N84A2,DRE,11/17/2009,2009321,Yes,9,-26
151,151,2009/2010,3,PAL,ADPE,AD 1E,N85A1,DRE,11/17/2009,2009321,Yes,8.9,-26.1
152,152,2009/2010,3,PAL,ADPE,AD 1E,N85A2,DRE,11/17/2009,2009321,Yes,8.9,-26.1
155,3,2007/2008,1,PAL,CHPE,AD 1E,N62A1,DRE,11/26/2007,2007330,Yes,9.3,-24.8
156,4,2007/2008,1,PAL,CHPE,AD 1E,N62A2,DRE,11/26/2007,2007330,Yes,8.6,-24.6
157,5,2007/2008,1,PAL,CHPE,AD 1E,N64A1,DRE,11/22/2007,2007326,Yes,9,-24.6
158,6,2007/2008,1,PAL,CHPE,AD 1E,N64A2,DRE,11/22/2007,2007326,Yes,8.9,-24.5
159,7,2007/2008,1,PAL,CHPE,AD 1E,N66A1,DRE,11/28/2007,2007332,Yes,8.9,-24.6
160,8,2007/2008,1,PAL,CHPE,AD 1E,N66A2,DRE,11/28/2007,2007332,Yes,8.6,-24.8
161,9,2007/2008,1,PAL,CHPE,AD 1E,N67A1,DRE,11/22/2007,2007326,Yes,8.5,-24.3
162,10,2007/2008,1,PAL,CHPE,AD 1E,N67A2,DRE,11/22/2007,2007326,Yes,8.8,-24.4
163,11,2007/2008,1,PAL,CHPE,AD 1E,N68A1,DRE,11/28/2007,2007332,Yes,9,-24.6
164,12,2007/2008,1,PAL,CHPE,AD 1E,N68A2,DRE,11/28/2007,2007332,Yes,8.7,-24.4
165,13,2007/2008,1,PAL,CHPE,AD 1E,N69A1,DRE,11/26/2007,2007330,Yes,8.7,-24.8
166,14,2007/2008,1,PAL,CHPE,AD 1E,N69A2,DRE,11/26/2007,2007330,Yes,9,-24.4
167,15,2007/2008,1,PAL,CHPE,AD 1E,N70A1,DRE,11/22/2007,2007326,Yes,9.1,-24.9
168,16,2007/2008,1,PAL,CHPE,AD 1E,N70A2,DRE,11/22/2007,2007326,Yes,9.8,-24.7
171,19,2007/2008,1,PAL,CHPE,AD 1E,N72A1,DRE,12/3/2007,2007337,Yes,9.3,-24.6
172,20,2007/2008,1,PAL,CHPE,AD 1E,N72A2,DRE,12/3/2007,2007337,Yes,9.3,-24.6
173,21,2007/2008,1,PAL,CHPE,AD 1E,N73A1,DRE,12/3/2007,2007337,Yes,9.4,-24.7
174,22,2007/2008,1,PAL,CHPE,AD 1E,N73A2,DRE,12/3/2007,2007337,Yes,9.4,-24.3
181,29,2008/2009,2,PAL,CHPE,AD 1E,N62A1,DRE,11/14/2008,2008319,Yes,9.4,-24.5
182,30,2008/2009,2,PAL,CHPE,AD 1E,N62A2,DRE,11/14/2008,2008319,Yes,9.3,-24.7
183,31,2008/2009,2,PAL,CHPE,AD 1E,N63A1,DRE,11/24/2008,2008329,Yes,9.1,-24.5
184,32,2008/2009,2,PAL,CHPE,AD 1E,N63A2,DRE,11/24/2008,2008329,Yes,9.5,-24.6
185,33,2008/2009,2,PAL,CHPE,AD 1E,N65A1,DRE,11/24/2008,2008329,Yes,9.4,-24.5
186,34,2008/2009,2,PAL,CHPE,AD 1E,N65A2,DRE,11/24/2008,2008329,Yes,9.2,-24.2
187,35,2008/2009,2,PAL,CHPE,AD 1E,N67A1,DRE,11/25/2008,2008330,Yes,9.8,-24.3
188,36,2008/2009,2,PAL,CHPE,AD 1E,N67A2,DRE,11/25/2008,2008330,Yes,9.1,-25.1
189,37,2008/2009,2,PAL,CHPE,AD 1E,N69A1,DRE,11/14/2008,2008319,Yes,8.8,-24.7
190,38,2008/2009,2,PAL,CHPE,AD 1E,N69A2,DRE,11/14/2008,2008319,Yes,9.4,-24.7
193,41,2008/2009,2,PAL,CHPE,AD 1E,N74A1,DRE,11/24/2008,2008329,Yes,9.5,-24.7
194,42,2008/2009,2,PAL,CHPE,AD 1E,N74A2,DRE,11/24/2008,2008329,Yes,9.6,-24.7
195,43,2008/2009,2,PAL,CHPE,AD 1E,N75A1,DRE,11/14/2008,2008319,Yes,10,-24.9
196,44,2008/2009,2,PAL,CHPE,AD 1E,N75A2,DRE,11/14/2008,2008319,Yes,9.4,-24.7
197,45,2009/2010,3,PAL,CHPE,AD 1E,N86A1,DRE,11/17/2009,2009321,Yes,9.4,-24.2
198,46,2009/2010,3,PAL,CHPE,AD 1E,N86A2,DRE,11/17/2009,2009321,Yes,9.5,-24.4
199,47,2009/2010,3,PAL,CHPE,AD 1E,N87A1,DRE,11/27/2009,2009331,Yes,9.5,-24.5
200,48,2009/2010,3,PAL,CHPE,AD 1E,N87A2,DRE,11/27/2009,2009331,Yes,9.3,-24.5
201,49,2009/2010,3,PAL,CHPE,AD 1E,N88A1,DRE,11/23/2009,2009327,Yes,9.7,-24.4
202,50,2009/2010,3,PAL,CHPE,AD 1E,N88A2,DRE,11/23/2009,2009327,Yes,9.3,-24.4
203,51,2009/2010,3,PAL,CHPE,AD 1E,N90A1,DRE,11/21/2009,2009325,Yes,9.5,-24.5
204,52,2009/2010,3,PAL,CHPE,AD 1E,N90A2,DRE,11/21/2009,2009325,Yes,9.4,-24.4
205,53,2009/2010,3,PAL,CHPE,AD 1E,N92A1,DRE,11/23/2009,2009327,Yes,9.4,-24.8
206,54,2009/2010,3,PAL,CHPE,AD 1E,N92A2,DRE,11/23/2009,2009327,Yes,9.9,-24.6
207,55,2009/2010,3,PAL,CHPE,AD 1E,N93A1,DRE,11/27/2009,2009331,Yes,9.6,-24.6
208,56,2009/2010,3,PAL,CHPE,AD 1E,N93A2,DRE,11/27/2009,2009331,Yes,9.8,-24.6
209,57,2009/2010,3,PAL,CHPE,AD 1E,N94A1,DRE,11/23/2009,2009327,Yes,9.6,-24.8
210,58,2009/2010,3,PAL,CHPE,AD 1E,N94A2,DRE,11/23/2009,2009327,Yes,9.9,-24.6
211,59,2009/2010,3,PAL,CHPE,AD 1E,N95A1,DRE,11/21/2009,2009325,Yes,9.7,-24.4
212,60,2009/2010,3,PAL,CHPE,AD 1E,N95A2,DRE,11/21/2009,2009325,Yes,9.5,-24.7
214,62,2009/2010,3,PAL,CHPE,AD 1E,N96A2,DRE,11/27/2009,2009331,Yes,9.7,-24.5
215,63,2009/2010,3,PAL,CHPE,AD 1E,N98A1,DRE,11/19/2009,2009323,Yes,9.3,-24.3
216,64,2009/2010,3,PAL,CHPE,AD 1E,N98A2,DRE,11/19/2009,2009323,Yes,9.7,-24.5
219,67,2009/2010,3,PAL,CHPE,AD 1E,N100A1,DRE,11/21/2009,2009325,Yes,10,-24.7
220,68,2009/2010,3,PAL,CHPE,AD 1E,N100A2,DRE,11/21/2009,2009325,Yes,9.4,-24.3
221,1,2007/2008,1,PAL,GEPE,AD 1E,N31A1,BIS,11/27/2007,2007331,Yes,8,-25.5
222,2,2007/2008,1,PAL,GEPE,AD 1E,N31A2,BIS,11/27/2007,2007331,Yes,8.1,-25.4
223,3,2007/2008,1,PAL,GEPE,AD 1E,N32A1,BIS,11/27/2007,2007331,Yes,8.1,-25.5
224,4,2007/2008,1,PAL,GEPE,AD 1E,N32A2,BIS,11/27/2007,2007331,Yes,8.3,-25.4
225,5,2007/2008,1,PAL,GEPE,AD 1E,N33A1,BIS,11/18/2007,2007322,Yes,8.2,-25.5
226,6,2007/2008,1,PAL,GEPE,AD 1E,N33A2,BIS,11/18/2007,2007322,Yes,8,-25.3
227,7,2007/2008,1,PAL,GEPE,AD 1E,N34A1,BIS,11/27/2007,2007331,Yes,8.2,-25.5
228,8,2007/2008,1,PAL,GEPE,AD 1E,N34A2,BIS,11/27/2007,2007331,Yes,8.2,-25.4
229,9,2007/2008,1,PAL,GEPE,AD 1E,N35A1,BIS,11/27/2007,2007331,Yes,8.1,-25.3
230,10,2007/2008,1,PAL,GEPE,AD 1E,N35A2,BIS,11/27/2007,2007331,Yes,8.2,-25.4
233,13,2007/2008,1,PAL,GEPE,AD 1E,N37A1,BIS,11/29/2007,2007333,Yes,7.8,-25.4
234,14,2007/2008,1,PAL,GEPE,AD 1E,N37A2,BIS,11/29/2007,2007333,Yes,7.8,-25.5
235,15,2007/2008,1,PAL,GEPE,AD 1E,N38A1,BIS,12/3/2007,2007337,Yes,7.8,-25.6
236,16,2007/2008,1,PAL,GEPE,AD 1E,N38A2,BIS,12/3/2007,2007337,Yes,8.1,-25.5
237,17,2007/2008,1,PAL,GEPE,AD 1E,N39A1,BIS,11/27/2007,2007331,Yes,7.6,-25.5
238,18,2007/2008,1,PAL,GEPE,AD 1E,N39A2,BIS,11/27/2007,2007331,Yes,8.3,-25
239,19,2007/2008,1,PAL,GEPE,AD 1E,N40A1,BIS,11/27/2007,2007331,Yes,7.8,-25.4
240,20,2007/2008,1,PAL,GEPE,AD 1E,N40A2,BIS,11/27/2007,2007331,Yes,8,-25.4
241,21,2007/2008,1,PAL,GEPE,AD 1E,N41A1,BIS,11/27/2007,2007331,Yes,7.9,-25.4
242,22,2007/2008,1,PAL,GEPE,AD 1E,N41A2,BIS,11/27/2007,2007331,Yes,7.6,-25.5
243,23,2007/2008,1,PAL,GEPE,AD 1E,N42A1,BIS,11/27/2007,2007331,Yes,7.9,-25.4
244,24,2007/2008,1,PAL,GEPE,AD 1E,N42A2,BIS,11/27/2007,2007331,Yes,7.9,-25.4
245,25,2007/2008,1,PAL,GEPE,AD 1E,N44A1,BIS,11/29/2007,2007333,Yes,7.7,-25.4
246,26,2007/2008,1,PAL,GEPE,AD 1E,N44A2,BIS,11/29/2007,2007333,Yes,7.8,-25.4
247,27,2007/2008,1,PAL,GEPE,AD 1E,N46A1,BIS,11/29/2007,2007333,Yes,8,-25.7
248,28,2007/2008,1,PAL,GEPE,AD 1E,N46A2,BIS,11/29/2007,2007333,Yes,7.9,-25.5
249,29,2007/2008,1,PAL,GEPE,AD 1E,N47A1,BIS,11/29/2007,2007333,Yes,7.7,-25.5
250,30,2007/2008,1,PAL,GEPE,AD 1E,N47A2,BIS,11/29/2007,2007333,Yes,8.3,-25.2
252,32,2007/2008,1,PAL,GEPE,AD 1E,N50A2,BIS,11/29/2007,2007333,Yes,7.6,-25.5
253,33,2007/2008,1,PAL,GEPE,AD 1E,N56A1,BIS,12/3/2007,2007337,Yes,8,-25.5
254,34,2007/2008,1,PAL,GEPE,AD 1E,N56A2,BIS,12/3/2007,2007337,Yes,7.8,-25.7
255,35,2008/2009,2,PAL,GEPE,AD 1E,N2A1,BIS,11/13/2008,2008318,Yes,7.9,-26.6
256,36,2008/2009,2,PAL,GEPE,AD 1E,N2A2,BIS,11/13/2008,2008318,Yes,8,-26.9
257,37,2008/2009,2,PAL,GEPE,AD 1E,N4A1,BIS,11/2/2008,2008307,Yes,8,-26.7
258,38,2008/2009,2,PAL,GEPE,AD 1E,N4A2,BIS,11/2/2008,2008307,Yes,8.1,-26.8
259,39,2008/2009,2,PAL,GEPE,AD 1E,N5A1,BIS,11/9/2008,2008314,Yes,8,-26.7
260,40,2008/2009,2,PAL,GEPE,AD 1E,N5A2,BIS,11/9/2008,2008314,Yes,8.1,-26.8
263,43,2008/2009,2,PAL,GEPE,AD 1E,N7A1,BIS,11/4/2008,2008309,Yes,8.4,-26.7
264,44,2008/2009,2,PAL,GEPE,AD 1E,N7A2,BIS,11/4/2008,2008309,Yes,8.3,-26.8
265,45,2008/2009,2,PAL,GEPE,AD 1E,N8A1,BIS,11/3/2008,2008308,Yes,8.5,-26.6
266,46,2008/2009,2,PAL,GEPE,AD 1E,N8A2,BIS,11/3/2008,2008308,Yes,8.3,-26.8
269,49,2008/2009,2,PAL,GEPE,AD 1E,N12A1,BIS,11/2/2008,2008307,Yes,8.5,-26.9
270,50,2008/2009,2,PAL,GEPE,AD 1E,N12A2,BIS,11/2/2008,2008307,Yes,8.6,-26.7
271,51,2008/2009,2,PAL,GEPE,AD 1E,N13A1,BIS,11/6/2008,2008311,Yes,8.4,-26.9
272,52,2008/2009,2,PAL,GEPE,AD 1E,N13A2,BIS,11/6/2008,2008311,Yes,8.4,-26.8
273,53,2008/2009,2,PAL,GEPE,AD 1E,N14A1,BIS,11/4/2008,2008309,Yes,8.5,-27
274,54,2008/2009,2,PAL,GEPE,AD 1E,N14A2,BIS,11/4/2008,2008309,Yes,8.5,-26.6
275,55,2008/2009,2,PAL,GEPE,AD 1E,N15A1,BIS,11/4/2008,2008309,Yes,8.5,-26.8
276,56,2008/2009,2,PAL,GEPE,AD 1E,N15A2,BIS,11/4/2008,2008309,Yes,8.6,-26.8
277,57,2008/2009,2,PAL,GEPE,AD 1E,N16A1,BIS,11/3/2008,2008308,Yes,8.6,-26.8
278,58,2008/2009,2,PAL,GEPE,AD 1E,N16A2,BIS,11/3/2008,2008308,Yes,8.6,-26.7
279,59,2008/2009,2,PAL,GEPE,AD 1E,N17A1,BIS,11/6/2008,2008311,Yes,8.5,-26.9
280,60,2008/2009,2,PAL,GEPE,AD 1E,N17A2,BIS,11/6/2008,2008311,Yes,8.7,-26.8
281,61,2008/2009,2,PAL,GEPE,AD 1E,N18A1,BIS,11/3/2008,2008308,Yes,8.7,-26.8
282,62,2008/2009,2,PAL,GEPE,AD 1E,N18A2,BIS,11/3/2008,2008308,Yes,8.6,-26.8
283,63,2008/2009,2,PAL,GEPE,AD 1E,N19A1,BIS,11/13/2008,2008318,Yes,8.6,-26.6
284,64,2008/2009,2,PAL,GEPE,AD 1E,N19A2,BIS,11/13/2008,2008318,Yes,8.5,-26.8
285,65,2008/2009,2,PAL,GEPE,AD 1E,N20A1,BIS,11/6/2008,2008311,Yes,8.6,-26.6
286,66,2008/2009,2,PAL,GEPE,AD 1E,N20A2,BIS,11/6/2008,2008311,Yes,8.5,-26.7
287,67,2008/2009,2,PAL,GEPE,AD 1E,N51A1,BIS,11/15/2008,2008320,Yes,8.2,-26.8
288,68,2008/2009,2,PAL,GEPE,AD 1E,N51A2,BIS,11/15/2008,2008320,Yes,8.5,-26.7
289,69,2008/2009,2,PAL,GEPE,AD 1E,N53A1,BIS,11/13/2008,2008318,Yes,8.6,-26.7
290,70,2008/2009,2,PAL,GEPE,AD 1E,N53A2,BIS,11/13/2008,2008318,Yes,8.6,-26.7
291,71,2008/2009,2,PAL,GEPE,AD 1E,N54A1,BIS,11/3/2008,2008308,Yes,8.5,-26.7
292,72,2008/2009,2,PAL,GEPE,AD 1E,N54A2,BIS,11/3/2008,2008308,Yes,8.4,-26.7
293,73,2008/2009,2,PAL,GEPE,AD 1E,N55A1,BIS,11/9/2008,2008314,Yes,8.2,-26.7
294,74,2008/2009,2,PAL,GEPE,AD 1E,N55A2,BIS,11/9/2008,2008314,Yes,8.6,-26.6
295,75,2008/2009,2,PAL,GEPE,AD 1E,N56A1,BIS,11/6/2008,2008311,Yes,8.5,-27
296,76,2008/2009,2,PAL,GEPE,AD 1E,N56A2,BIS,11/6/2008,2008311,Yes,8.6,-26.7
297,77,2008/2009,2,PAL,GEPE,AD 1E,N58A1,BIS,11/6/2008,2008311,Yes,8.4,-26.8
298,78,2008/2009,2,PAL,GEPE,AD 1E,N58A2,BIS,11/6/2008,2008311,Yes,8.4,-26.8
299,79,2008/2009,2,PAL,GEPE,AD 1E,N60A1,BIS,11/9/2008,2008314,Yes,8.2,-26.7
300,80,2008/2009,2,PAL,GEPE,AD 1E,N60A2,BIS,11/9/2008,2008314,Yes,8.2,-26.7
301,81,2009/2010,3,PAL,GEPE,AD 1E,N1A1,BIS,11/18/2009,2009322,Yes,8.4,-26.3
302,82,2009/2010,3,PAL,GEPE,AD 1E,N1A2,BIS,11/18/2009,2009322,Yes,8.3,-26.3
303,83,2009/2010,3,PAL,GEPE,AD 1E,N6A1,BIS,11/15/2009,2009319,Yes,8.2,-26.2
304,84,2009/2010,3,PAL,GEPE,AD 1E,N6A2,BIS,11/15/2009,2009319,Yes,8.2,-26.4
305,85,2009/2010,3,PAL,GEPE,AD 1E,N8A1,BIS,11/22/2009,2009326,Yes,8.1,-26.2
306,86,2009/2010,3,PAL,GEPE,AD 1E,N8A2,BIS,11/22/2009,2009326,Yes,8.3,-26.3
307,87,2009/2010,3,PAL,GEPE,AD 1E,N13A1,BIS,11/20/2009,2009324,Yes,8.2,-26.2
308,88,2009/2010,3,PAL,GEPE,AD 1E,N13A2,BIS,11/20/2009,2009324,Yes,8.2,-26.3
309,89,2009/2010,3,PAL,GEPE,AD 1E,N14A1,BIS,11/25/2009,2009329,Yes,8.1,-26.2
310,90,2009/2010,3,PAL,GEPE,AD 1E,N14A2,BIS,11/25/2009,2009329,Yes,8.3,-26.1
311,91,2009/2010,3,PAL,GEPE,AD 1E,N15A1,BIS,11/27/2009,2009331,Yes,8.3,-26.1
312,92,2009/2010,3,PAL,GEPE,AD 1E,N15A2,BIS,11/27/2009,2009331,Yes,8.4,-25.9
313,93,2009/2010,3,PAL,GEPE,AD 1E,N18A1,BIS,12/1/2009,2009335,Yes,8.2,-26.2
314,94,2009/2010,3,PAL,GEPE,AD 1E,N18A2,BIS,12/1/2009,2009335,Yes,8.8,-25.7
315,95,2009/2010,3,PAL,GEPE,AD 1E,N19A1,BIS,11/27/2009,2009331,Yes,8.2,-26.2
316,96,2009/2010,3,PAL,GEPE,AD 1E,N19A2,BIS,11/27/2009,2009331,Yes,8.3,-26.1
317,97,2009/2010,3,PAL,GEPE,AD 1E,N20A1,BIS,11/18/2009,2009322,Yes,8,-26.1
318,98,2009/2010,3,PAL,GEPE,AD 1E,N20A2,BIS,11/18/2009,2009322,Yes,7.9,-26
319,99,2009/2010,3,PAL,GEPE,AD 1E,N21A1,BIS,11/18/2009,2009322,Yes,8.2,-26.1
320,100,2009/2010,3,PAL,GEPE,AD 1E,N21A2,BIS,11/18/2009,2009322,Yes,8.2,-26.4
321,101,2009/2010,3,PAL,GEPE,AD 1E,N22A1,BIS,11/22/2009,2009326,Yes,8.1,-26.2
322,102,2009/2010,3,PAL,GEPE,AD 1E,N22A2,BIS,11/22/2009,2009326,Yes,8.3,-26.4
323,103,2009/2010,3,PAL,GEPE,AD 1E,N23A1,BIS,11/18/2009,2009322,Yes,8.3,-26.2
324,104,2009/2010,3,PAL,GEPE,AD 1E,N23A2,BIS,11/18/2009,2009322,Yes,8.7,-25.8
325,105,2009/2010,3,PAL,GEPE,AD 1E,N24A1,BIS,12/1/2009,2009335,Yes,8.3,-26.2
326,106,2009/2010,3,PAL,GEPE,AD 1E,N24A2,BIS,12/1/2009,2009335,Yes,8.3,-26.1
327,107,2009/2010,3,PAL,GEPE,AD 1E,N28A1,BIS,11/10/2009,2009314,Yes,8.1,-26.4
328,108,2009/2010,3,PAL,GEPE,AD 1E,N28A2,BIS,11/10/2009,2009314,Yes,8.4,-26.3
329,109,2009/2010,3,PAL,GEPE,AD 1E,N29A1,BIS,11/9/2009,2009313,Yes,8.4,-26.4
330,110,2009/2010,3,PAL,GEPE,AD 1E,N29A2,BIS,11/9/2009,2009313,Yes,8.5,-26.2
331,111,2009/2010,3,PAL,GEPE,AD 1E,N32A1,BIS,11/20/2009,2009324,Yes,8.2,-26.2
332,112,2009/2010,3,PAL,GEPE,AD 1E,N32A2,BIS,11/20/2009,2009324,Yes,8.3,-26.2
333,113,2009/2010,3,PAL,GEPE,AD 1E,N34A1,BIS,11/27/2009,2009331,Yes,8.2,-26.1
334,114,2009/2010,3,PAL,GEPE,AD 1E,N34A2,BIS,11/27/2009,2009331,Yes,8.8,-25.8
335,115,2009/2010,3,PAL,GEPE,AD 1E,N35A1,BIS,11/27/2009,2009331,Yes,8.3,-26
336,116,2009/2010,3,PAL,GEPE,AD 1E,N35A2,BIS,11/27/2009,2009331,Yes,8.1,-26.2
337,117,2009/2010,3,PAL,GEPE,AD 1E,N36A1,BIS,12/1/2009,2009335,Yes,8,-26.2
338,118,2009/2010,3,PAL,GEPE,AD 1E,N36A2,BIS,12/1/2009,2009335,Yes,8.3,-25.9
341,121,2009/2010,3,PAL,GEPE,AD 1E,N39A1,BIS,11/22/2009,2009326,Yes,8.4,-26.1
342,122,2009/2010,3,PAL,GEPE,AD 1E,N39A2,BIS,11/22/2009,2009326,Yes,8.3,-26
343,123,2009/2010,3,PAL,GEPE,AD 1E,N43A1,BIS,11/22/2009,2009326,Yes,8.2,-26.1
344,124,2009/2010,3,PAL,GEPE,AD 1E,N43A2,BIS,11/22/2009,2009326,Yes,8.4,-26.2