Sample.Num.Overall,Sample.Num.Spp,Year.1,Year.2,L.grid.SI.Dur.days,L.grid.SI.Area.1,L.grid.SI.Area.2,Location,Spp,Stage,ID.I,ID.2,ID.3,Island,Date.E1,JulianDate.E1,Date.E1.RelNov1,Date.Sample,JulianDate.Sample,Use.Ad.Data,Cul.L.mm,Cul.D.mm,Flipper.L.mm,R.PC1.2,Mass.g,Sex.1.M.F,Sex.2.M.F,Gel.num,Egg.Mass.g,Egg.L.mm,Egg.W.mm,delta.15.N,delta.13.C
2,2,20072008,1,144,73472.77,75745.07,PAL,ADPE,AD 1E,N1,A2,N1A2,TOR,11/11/2007,2007315,11,11/11/2007,2007315,Yes,39.5,17.4,186,-0.62903,3800,FEMALE,1,6b,135,70,58.2,9,-24.7
3,3,20072008,1,144,73472.77,75745.07,PAL,ADPE,AD 1E,N2,A1,N2A1,TOR,11/16/2007,2007320,16,11/16/2007,2007320,Yes,40.3,18,195,0.59317,3250,FEMALE,1,9,123,72.8,54.5,8.4,-25.3
5,5,20072008,1,144,73472.77,75745.07,PAL,ADPE,AD 1E,N3,A1,N3A1,TOR,11/16/2007,2007320,16,11/16/2007,2007320,Yes,36.7,19.3,193,0.24699,3450,FEMALE,1,3,127,72.5,55.9,8.8,-25.3
6,6,20072008,1,144,73472.77,75745.07,PAL,ADPE,AD 1E,N3,A2,N3A2,TOR,11/16/2007,2007320,16,11/16/2007,2007320,Yes,39.3,20.6,190,1.20515,3650,MALE,0,3,127,72.5,55.9,8.7,-25.3
10,10,20072008,1,144,73472.77,75745.07,PAL,ADPE,AD 1E,N5,A2,N5A2,TOR,11/9/2007,2007313,9,11/9/2007,2007313,Yes,42,20.2,190,1.61663,4250,MALE,0,Pred,126,71.3,55.4,9.1,-25.1
11,11,20072008,1,144,73472.77,75745.07,PAL,ADPE,AD 1E,N6,A1,N6A1,TOR,11/9/2007,2007313,9,11/9/2007,2007313,Yes,37.8,17.1,186,-1.15438,3300,FEMALE,1,Pred,116,70.3,54,8.6,-25.2
15,15,20072008,1,144,73472.77,75745.07,PAL,ADPE,AD 1E,N8,A1,N8A1,TOR,11/16/2007,2007320,16,11/16/2007,2007320,Yes,34.6,21.1,198,1.06401,4400,MALE,0,9,122,64.3,56.7,8.6,-25.2
17,17,20072008,1,144,73472.77,75745.07,PAL,ADPE,AD 1E,N9,A1,N9A1,TOR,11/12/2007,2007316,12,11/12/2007,2007316,Yes,38.7,19,195,0.71747,3450,FEMALE,1,9,120,70.4,55.5,9.2,-25.1
18,18,20072008,1,144,73472.77,75745.07,PAL,ADPE,AD 1E,N9,A2,N9A2,TOR,11/12/2007,2007316,12,11/12/2007,2007316,Yes,42.5,20.7,197,2.55595,4500,MALE,0,9,120,70.4,55.5,8.7,-25.1
19,19,20072008,1,144,73472.77,75745.07,PAL,ADPE,AD 1E,N10,A1,N10A1,TOR,11/16/2007,2007320,16,11/16/2007,2007320,Yes,34.4,18.4,184,-1.45578,3325,FEMALE,1,9,127,72.4,55.5,8.5,-25.2
20,20,20072008,1,144,73472.77,75745.07,PAL,ADPE,AD 1E,N10,A2,N10A2,TOR,11/16/2007,2007320,16,11/16/2007,2007320,Yes,46,21.5,194,3.47435,4200,MALE,0,9,127,72.4,55.5,9.1,-24.8
21,21,20072008,1,144,73472.77,75745.07,PAL,ADPE,AD 1E,N11,A1,N11A1,BIS,11/12/2007,2007316,12,11/12/2007,2007316,Yes,37.8,18.3,174,-1.58014,3400,FEMALE,1,9,122,67.1,55.8,8.7,-25.1
22,22,20072008,1,144,73472.77,75745.07,PAL,ADPE,AD 1E,N11,A2,N11A2,BIS,11/12/2007,2007316,12,11/12/2007,2007316,Yes,37.7,18.7,180,-0.90714,3600,MALE,0,9,122,67.1,55.8,8.7,-25.1
23,23,20072008,1,144,73472.77,75745.07,PAL,ADPE,AD 1E,N12,A1,N12A1,BIS,11/12/2007,2007316,12,11/12/2007,2007316,Yes,35.9,19.2,189,-0.31529,3800,FEMALE,1,14a,125,73.9,55.3,9.2,-25
24,24,20072008,1,144,73472.77,75745.07,PAL,ADPE,AD 1E,N12,A2,N12A2,BIS,11/12/2007,2007316,12,11/12/2007,2007316,Yes,38.2,18.1,185,-0.66605,3950,MALE,0,14a,125,73.9,55.3,8.4,-25.2
25,25,20072008,1,144,73472.77,75745.07,PAL,ADPE,AD 1E,N13,A1,N13A1,BIS,11/10/2007,2007314,10,11/10/2007,2007314,Yes,38.8,17.2,180,-1.38463,3800,MALE,0,9,138,73.9,57.8,9.6,-25.3
26,26,20072008,1,144,73472.77,75745.07,PAL,ADPE,AD 1E,N13,A2,N13A2,BIS,11/10/2007,2007314,10,11/10/2007,2007314,Yes,35.3,18.9,187,-0.76183,3800,FEMALE,1,14a,138,73.9,57.8,9.2,-24.4
27,27,20072008,1,144,73472.77,75745.07,PAL,ADPE,AD 1E,N17,A1,N17A1,BIS,11/12/2007,2007316,12,11/12/2007,2007316,Yes,40.6,18.6,183,-0.05494,3550,MALE,0,9,120,69.7,54.9,8.9,-25.4
28,28,20072008,1,144,73472.77,75745.07,PAL,ADPE,AD 1E,N17,A2,N17A2,BIS,11/12/2007,2007316,12,11/12/2007,2007316,Yes,40.5,17.9,187,-0.08016,3200,FEMALE,1,9,120,69.7,54.9,8.1,-25.5
31,31,20072008,1,144,73472.77,75745.07,PAL,ADPE,AD 1E,N21,A1,N21A1,DRE,11/9/2007,2007313,9,11/9/2007,2007313,Yes,39.5,16.7,178,-1.63663,3250,FEMALE,1,3,125,69.6,55.6,9.7,-25.1
32,32,20072008,1,144,73472.77,75745.07,PAL,ADPE,AD 1E,N21,A2,N21A2,DRE,11/9/2007,2007313,9,11/9/2007,2007313,Yes,37.2,18.1,178,-1.47605,3900,MALE,0,3,125,69.6,55.6,9.7,-25
33,33,20072008,1,144,73472.77,75745.07,PAL,ADPE,AD 1E,N22,A1,N22A1,DRE,11/9/2007,2007313,9,11/9/2007,2007313,Yes,39.5,17.8,188,-0.26856,3300,FEMALE,1,6b,111,64.6,54.4,9.7,-25.1
34,34,20072008,1,144,73472.77,75745.07,PAL,ADPE,AD 1E,N22,A2,N22A2,DRE,11/9/2007,2007313,9,11/9/2007,2007313,Yes,40.9,18.9,184,0.24071,3900,MALE,0,6b,111,64.6,54.4,8.8,-25.1
35,35,20072008,1,144,73472.77,75745.07,PAL,ADPE,AD 1E,N23,A1,N23A1,DRE,11/16/2007,2007320,16,11/16/2007,2007320,Yes,36.4,17,195,-0.76248,3325,FEMALE,1,10,125,73.4,54.9,9.2,-25.2
36,36,20072008,1,144,73472.77,75745.07,PAL,ADPE,AD 1E,N23,A2,N23A2,DRE,11/16/2007,2007320,16,11/16/2007,2007320,Yes,39.2,21.1,196,1.92641,4150,MALE,0,10,125,73.4,54.9,9.2,-25
37,37,20072008,1,144,73472.77,75745.07,PAL,ADPE,AD 1E,N24,A1,N24A1,DRE,11/16/2007,2007320,16,11/16/2007,2007320,Yes,38.8,20,190,0.80371,3950,MALE,0,10,119,69,54.9,9.2,-25.1
38,38,20072008,1,144,73472.77,75745.07,PAL,ADPE,AD 1E,N24,A2,N24A2,DRE,11/16/2007,2007320,16,11/16/2007,2007320,Yes,42.2,18.5,180,0.00383,3550,FEMALE,1,10,119,69,54.9,8,-25.5
41,41,20072008,1,144,73472.77,75745.07,PAL,ADPE,AD 1E,N26,A1,N26A1,DRE,11/16/2007,2007320,16,11/16/2007,2007320,Yes,36.5,18,182,-1.34609,3150,FEMALE,1,10,127,72.7,55.5,9.7,-24.4
43,43,20072008,1,144,73472.77,75745.07,PAL,ADPE,AD 1E,N27,A1,N27A1,DRE,11/19/2007,2007323,19,11/19/2007,2007323,Yes,36,18.5,186,-0.88185,3100,FEMALE,1,10,101,64.3,52.8,9.5,-25
44,44,20072008,1,144,73472.77,75745.07,PAL,ADPE,AD 1E,N27,A2,N27A2,DRE,11/19/2007,2007323,19,11/19/2007,2007323,Yes,44.1,19.7,196,2.34792,4400,MALE,0,10,101,64.3,52.8,9.2,-24.5
45,45,20072008,1,144,73472.77,75745.07,PAL,ADPE,AD 1E,N28,A1,N28A1,DRE,11/16/2007,2007320,16,11/16/2007,2007320,Yes,37,16.9,185,-1.51372,3000,FEMALE,1,10,114,68.8,54.1,9.4,-25
46,46,20072008,1,144,73472.77,75745.07,PAL,ADPE,AD 1E,N28,A2,N28A2,DRE,11/16/2007,2007320,16,11/16/2007,2007320,Yes,39.6,18.8,190,0.4038,4600,MALE,0,10,114,68.8,54.1,9.5,-24.1
49,49,20072008,1,144,73472.77,75745.07,PAL,ADPE,AD 1E,N30,A1,N30A1,DRE,11/13/2007,2007317,13,11/13/2007,2007317,Yes,36,17.9,190,-0.83643,3450,FEMALE,1,10,137,74.2,57.6,9.5,-25.1
50,50,20072008,1,144,73472.77,75745.07,PAL,ADPE,AD 1E,N30,A2,N30A2,DRE,11/13/2007,2007317,13,11/13/2007,2007317,Yes,42.3,21.2,191,2.25004,4150,MALE,0,10,137,74.2,57.6,8.9,-25.2
51,51,20082009,2,117,60532.06,47148.46,PAL,ADPE,AD 1E,N21,A1,N21A1,BIS,11/6/2008,2008311,6,11/6/2008,2008311,Yes,39.6,17.7,186,-0.46188,3500,FEMALE,1,11,119,73.6,53.6,8.5,-26.1
52,52,20082009,2,117,60532.06,47148.46,PAL,ADPE,AD 1E,N21,A2,N21A2,BIS,11/6/2008,2008311,6,11/6/2008,2008311,Yes,40.1,18.9,188,0.39653,4300,MALE,0,11,119,73.6,53.6,8.5,-26.6
53,53,20082009,2,117,60532.06,47148.46,PAL,ADPE,AD 1E,N22,A1,N22A1,BIS,11/9/2008,2008314,9,11/9/2008,2008314,Yes,35,17.9,190,-1.06031,3450,FEMALE,1,11,125,71.7,55.7,8.2,-26.2
54,54,20082009,2,117,60532.06,47148.46,PAL,ADPE,AD 1E,N22,A2,N22A2,BIS,11/9/2008,2008314,9,11/9/2008,2008314,Yes,42,19.5,200,2.11619,4050,MALE,0,11,125,71.7,55.7,8.5,-26.3
55,55,20082009,2,117,60532.06,47148.46,PAL,ADPE,AD 1E,N23,A1,N23A1,BIS,11/9/2008,2008314,9,11/9/2008,2008314,Yes,34.5,18.1,187,-1.32695,2900,FEMALE,1,11,103,64.7,52.7,8.4,-26.5
56,56,20082009,2,117,60532.06,47148.46,PAL,ADPE,AD 1E,N23,A2,N23A2,BIS,11/9/2008,2008314,9,11/9/2008,2008314,Yes,41.4,18.6,191,0.79402,3700,MALE,0,11,103,64.7,52.7,8.4,-26.3
57,57,20082009,2,117,60532.06,47148.46,PAL,ADPE,AD 1E,N24,A1,N24A1,BIS,11/15/2008,2008320,15,11/15/2008,2008320,Yes,39,17.5,186,-0.69272,3550,FEMALE,1,11,119,70.7,54.8,8.6,-26.1
58,58,20082009,2,117,60532.06,47148.46,PAL,ADPE,AD 1E,N24,A2,N24A2,BIS,11/15/2008,2008320,15,11/15/2008,2008320,Yes,40.6,18.8,193,0.87888,3800,MALE,0,11,119,70.7,54.8,8.6,-26
59,59,20082009,2,117,60532.06,47148.46,PAL,ADPE,AD 1E,N25,A1,N25A1,BIS,11/15/2008,2008320,15,11/15/2008,2008320,Yes,36.5,16.6,181,-2.10533,2850,FEMALE,1,11,120,68.5,56.3,9.1,-25.9
60,60,20082009,2,117,60532.06,47148.46,PAL,ADPE,AD 1E,N25,A2,N25A2,BIS,11/15/2008,2008320,15,11/15/2008,2008320,Yes,37.6,19.1,194,0.43572,3750,MALE,0,11,120,68.5,56.3,9.1,-25.9
61,61,20082009,2,117,60532.06,47148.46,PAL,ADPE,AD 1E,N27,A1,N27A1,BIS,11/13/2008,2008318,12,11/13/2008,2008318,Yes,35.7,16.9,185,-1.80476,3150,FEMALE,1,11,101,64.4,52.3,9,-26.4
62,62,20082009,2,117,60532.06,47148.46,PAL,ADPE,AD 1E,N27,A2,N27A2,BIS,11/13/2008,2008318,12,11/13/2008,2008318,Yes,41.3,21.1,195,2.31283,4400,MALE,0,11,101,64.4,52.3,8.7,-26.4
63,63,20082009,2,117,60532.06,47148.46,PAL,ADPE,AD 1E,N28,A1,N28A1,BIS,11/13/2008,2008318,12,11/13/2008,2008318,Yes,37.6,17,185,-1.33114,3600,FEMALE,1,11,129,73.5,55.8,8.6,-26.2
64,64,20082009,2,117,60532.06,47148.46,PAL,ADPE,AD 1E,N28,A2,N28A2,BIS,11/13/2008,2008318,12,11/13/2008,2008318,Yes,41.1,18.2,192,0.61758,4050,MALE,0,11,129,73.5,55.8,8.6,-26.6
65,65,20082009,2,117,60532.06,47148.46,PAL,ADPE,AD 1E,N29,A1,N29A1,BIS,11/13/2008,2008318,12,11/13/2008,2008318,Yes,36.4,17.1,184,-1.63527,2850,FEMALE,1,17,120,70.3,55.4,8.6,-26.1
66,66,20082009,2,117,60532.06,47148.46,PAL,ADPE,AD 1E,N29,A2,N29A2,BIS,11/13/2008,2008318,12,11/13/2008,2008318,Yes,41.6,18,192,0.63302,3950,MALE,0,11,120,70.3,55.4,8.9,-26.1
67,67,20082009,2,117,60532.06,47148.46,PAL,ADPE,AD 1E,N30,A1,N30A1,BIS,11/6/2008,2008311,6,11/6/2008,2008311,Yes,35.5,16.2,195,-1.34998,3350,FEMALE,1,11,94,65.6,50.4,8.6,-26
68,68,20082009,2,117,60532.06,47148.46,PAL,ADPE,AD 1E,N30,A2,N30A2,BIS,11/6/2008,2008311,6,11/6/2008,2008311,Yes,41.1,19.1,188,0.71691,4100,MALE,0,11,94,65.6,50.4,8.7,-25.8
71,71,20082009,2,117,60532.06,47148.46,PAL,ADPE,AD 1E,N34,A1,N34A1,TOR,11/14/2008,2008319,14,11/15/2008,2008320,Yes,33.5,19,190,-0.86538,3600,FEMALE,1,12,133,70.4,55.3,7.9,-26.6
72,72,20082009,2,117,60532.06,47148.46,PAL,ADPE,AD 1E,N34,A2,N34A2,TOR,11/14/2008,2008319,14,11/15/2008,2008320,Yes,39.7,18.4,190,0.23319,3900,MALE,0,12,133,70.4,55.3,9.3,-25.2
73,73,20082009,2,117,60532.06,47148.46,PAL,ADPE,AD 1E,N35,A1,N35A1,TOR,11/11/2008,2008316,11,11/11/2008,2008316,Yes,39.6,17.2,196,0.13417,3550,FEMALE,1,12,141,72.2,58.7,8.3,-26.6
74,74,20082009,2,117,60532.06,47148.46,PAL,ADPE,AD 1E,N35,A2,N35A2,TOR,11/11/2008,2008316,11,11/11/2008,2008316,Yes,45.8,18.9,197,2.42624,4150,MALE,0,12,141,72.2,58.7,8.2,-26.5
75,75,20082009,2,117,60532.06,47148.46,PAL,ADPE,AD 1E,N36,A1,N36A1,TOR,11/8/2008,2008313,8,11/8/2008,2008313,Yes,35.5,17.5,190,-1.14138,3700,FEMALE,1,12,103,67.2,52.2,8.7,-26.2
76,76,20082009,2,117,60532.06,47148.46,PAL,ADPE,AD 1E,N36,A2,N36A2,TOR,11/8/2008,2008313,8,11/8/2008,2008313,Yes,42.8,18.5,195,1.39413,4250,MALE,0,12,103,67.2,52.2,8.3,-26.4
77,77,20082009,2,117,60532.06,47148.46,PAL,ADPE,AD 1E,N37,A1,N37A1,TOR,11/6/2008,2008311,6,11/7/2008,2008312,Yes,40.9,16.8,191,-0.18644,3700,FEMALE,1,12,137,72.1,57.6,8.5,-26
78,78,20082009,2,117,60532.06,47148.46,PAL,ADPE,AD 1E,N37,A2,N37A2,TOR,11/6/2008,2008311,6,11/7/2008,2008312,Yes,37.2,19.4,184,-0.3464,3900,MALE,0,12,137,72.1,57.6,8.4,-26.4
79,79,20082009,2,117,60532.06,47148.46,PAL,ADPE,AD 1E,N38,A1,N38A1,TOR,11/9/2008,2008314,9,11/10/2008,2008315,Yes,36.2,16.1,187,-1.91137,3550,FEMALE,1,12,118,69.1,55,7.8,-26.5
80,80,20082009,2,117,60532.06,47148.46,PAL,ADPE,AD 1E,N38,A2,N38A2,TOR,11/9/2008,2008314,9,11/10/2008,2008315,Yes,42.1,19.1,195,1.52692,4000,MALE,0,12,118,69.1,55,9.1,-25.8
81,81,20082009,2,117,60532.06,47148.46,PAL,ADPE,AD 1E,N39,A1,N39A1,TOR,11/2/2008,2008307,2,11/4/2008,2008309,Yes,34.6,17.2,189,-1.57135,3200,FEMALE,1,12,115,73.1,53.1,7.7,-26.5
82,82,20082009,2,117,60532.06,47148.46,PAL,ADPE,AD 1E,N39,A2,N39A2,TOR,11/2/2008,2008307,2,11/4/2008,2008309,Yes,42.9,17.6,196,1.06599,4700,MALE,0,12,115,73.1,53.1,8.6,-26.2
83,83,20082009,2,117,60532.06,47148.46,PAL,ADPE,AD 1E,N40,A1,N40A1,TOR,11/7/2008,2008312,7,11/7/2008,2008312,Yes,36.7,18.8,187,-0.49665,3800,FEMALE,1,12,129,71.1,56.3,7.9,-26.2
84,84,20082009,2,117,60532.06,47148.46,PAL,ADPE,AD 1E,N40,A2,N40A2,TOR,11/7/2008,2008312,7,11/7/2008,2008312,Yes,35.1,19.4,193,-0.06297,4200,MALE,0,12,129,71.1,56.3,8.9,-26.5
85,85,20082009,2,117,60532.06,47148.46,PAL,ADPE,AD 1E,N41,A1,N41A1,DRE,11/17/2008,2008322,17,11/17/2008,2008322,Yes,37.3,17.8,191,-0.50991,3350,FEMALE,1,12,114,70,53.3,8.3,-26.4
86,86,20082009,2,117,60532.06,47148.46,PAL,ADPE,AD 1E,N41,A2,N41A2,DRE,11/17/2008,2008322,17,11/17/2008,2008322,Yes,41.3,20.3,194,1.84309,3550,MALE,0,12,114,70,53.3,9.1,-26.1
87,87,20082009,2,117,60532.06,47148.46,PAL,ADPE,AD 1E,N42,A1,N42A1,DRE,11/7/2008,2008312,7,11/8/2008,2008313,Yes,36.3,19.5,190,0.00275,3800,MALE,0,12,111,68.5,54,8.6,-26.2
88,88,20082009,2,117,60532.06,47148.46,PAL,ADPE,AD 1E,N42,A2,N42A2,DRE,11/7/2008,2008312,7,11/8/2008,2008313,Yes,36.9,18.6,189,-0.38091,3500,FEMALE,1,12,111,68.5,54,8.6,-26.1
89,89,20082009,2,117,60532.06,47148.46,PAL,ADPE,AD 1E,N44,A1,N44A1,DRE,11/8/2008,2008313,8,11/8/2008,2008313,Yes,38.3,19.2,189,0.22203,3950,MALE,0,12,122,68.1,56.9,9.1,-26.1
90,90,20082009,2,117,60532.06,47148.46,PAL,ADPE,AD 1E,N44,A2,N44A2,DRE,11/8/2008,2008313,8,11/8/2008,2008313,Yes,38.9,18.8,190,0.24708,3600,FEMALE,1,12,122,68.1,56.9,8.4,-26.1
91,91,20082009,2,117,60532.06,47148.46,PAL,ADPE,AD 1E,N45,A1,N45A1,DRE,11/14/2008,2008319,14,11/14/2008,2008319,Yes,35.7,18,202,0.14943,3550,FEMALE,1,13,123,69.3,56,8.5,-26.1
92,92,20082009,2,117,60532.06,47148.46,PAL,ADPE,AD 1E,N45,A2,N45A2,DRE,11/14/2008,2008319,14,11/14/2008,2008319,Yes,41.1,18.1,205,1.65784,4300,MALE,0,13,123,69.3,56,8.8,-25.8
93,93,20082009,2,117,60532.06,47148.46,PAL,ADPE,AD 1E,N46,A1,N46A1,DRE,11/5/2008,2008310,5,11/5/2008,2008310,Yes,34,17.1,185,-2.08886,3400,FEMALE,1,13,124,71.2,54.9,8,-26.7
94,94,20082009,2,117,60532.06,47148.46,PAL,ADPE,AD 1E,N46,A2,N46A2,DRE,11/5/2008,2008310,5,11/5/2008,2008310,Yes,39.6,18.1,186,-0.26888,4450,MALE,0,13,124,71.2,54.9,8.5,-26.4
95,95,20082009,2,117,60532.06,47148.46,PAL,ADPE,AD 1E,N48,A1,N48A1,DRE,11/17/2008,2008322,17,11/17/2008,2008322,Yes,36.2,17.3,187,-1.33236,3300,FEMALE,1,13,129,69.5,57.9,8.9,-26.3
96,96,20082009,2,117,60532.06,47148.46,PAL,ADPE,AD 1E,N48,A2,N48A2,DRE,11/17/2008,2008322,17,11/17/2008,2008322,Yes,40.8,18.9,208,2.22787,4300,MALE,0,13,129,69.5,57.9,8.5,-26.6
97,97,20082009,2,117,60532.06,47148.46,PAL,ADPE,AD 1E,N49,A1,N49A1,DRE,11/7/2008,2008312,7,11/8/2008,2008313,Yes,38.1,18.6,190,-0.02852,3700,FEMALE,1,13,126,68.1,57.2,8.1,-26.5
98,98,20082009,2,117,60532.06,47148.46,PAL,ADPE,AD 1E,N49,A2,N49A2,DRE,11/7/2008,2008312,7,11/8/2008,2008313,Yes,40.3,18.5,196,0.91815,4350,MALE,0,13,126,68.1,57.2,8.4,-26
99,99,20082009,2,117,60532.06,47148.46,PAL,ADPE,AD 1E,N50,A1,N50A1,DRE,11/10/2008,2008315,10,11/10/2008,2008315,Yes,33.1,16.1,178,-3.35898,2900,FEMALE,1,13,113,70,53.4,9,-26.2
100,100,20082009,2,117,60532.06,47148.46,PAL,ADPE,AD 1E,N50,A2,N50A2,DRE,11/10/2008,2008315,10,11/10/2008,2008315,Yes,43.2,18.5,192,1.23249,4100,MALE,0,13,113,70,53.4,9,-26
101,101,20092010,3,168,80582.44,157486.72,PAL,ADPE,AD 1E,N47,A1,N47A1,BIS,11/9/2009,2009313,9,11/9/2009,2009313,Yes,35,17.9,192,-0.89285,3725,FEMALE,1,18,128,72.3,56.2,8.8,-26.3
102,102,20092010,3,168,80582.44,157486.72,PAL,ADPE,AD 1E,N47,A2,N47A2,BIS,11/9/2009,2009313,9,11/9/2009,2009313,Yes,41,20,203,2.38475,4725,MALE,0,18,128,72.3,56.2,9,-26.4
103,103,20092010,3,168,80582.44,157486.72,PAL,ADPE,AD 1E,N49,A1,N49A1,BIS,11/15/2009,2009319,15,11/15/2009,2009319,Yes,37.7,16,183,-1.95872,3075,FEMALE,1,18,118,70.5,54.9,9.2,-26.2
104,104,20092010,3,168,80582.44,157486.72,PAL,ADPE,AD 1E,N49,A2,N49A2,BIS,11/15/2009,2009319,15,11/15/2009,2009319,Yes,37.8,20,190,0.57983,4250,MALE,0,18,118,70.5,54.9,9.5,-25.7
105,105,20092010,3,168,80582.44,157486.72,PAL,ADPE,AD 1E,N51,A1,N51A1,BIS,11/15/2009,2009319,15,11/17/2009,2009321,Yes,37.9,18.6,193,0.17789,2925,.,.,19,112,68.7,53.6,9,-25.9
106,106,20092010,3,168,80582.44,157486.72,PAL,ADPE,AD 1E,N51,A2,N51A2,BIS,11/15/2009,2009319,15,11/17/2009,2009321,Yes,39.7,18.9,184,-0.02795,3550,.,.,19,112,68.7,53.6,8.9,-25.8
107,107,20092010,3,168,80582.44,157486.72,PAL,ADPE,AD 1E,N53,A1,N53A1,BIS,11/15/2009,2009319,15,11/15/2009,2009319,Yes,38.6,17.2,199,0.16149,3750,FEMALE,1,18,112,69.9,53.3,8.8,-26.5
108,108,20092010,3,168,80582.44,157486.72,PAL,ADPE,AD 1E,N53,A2,N53A2,BIS,11/15/2009,2009319,15,11/15/2009,2009319,Yes,38.2,20,190,0.66938,3900,MALE,0,18,112,69.9,53.3,9.6,-25.7
109,109,20092010,3,168,80582.44,157486.72,PAL,ADPE,AD 1E,N55,A1,N55A1,BIS,11/19/2009,2009323,19,11/20/2009,2009324,Yes,38.1,17,181,-1.55412,3175,FEMALE,1,20b,88,60.8,51.2,9.8,-25.3
110,110,20092010,3,168,80582.44,157486.72,PAL,ADPE,AD 1E,N55,A2,N55A2,BIS,11/19/2009,2009323,19,11/20/2009,2009324,Yes,43.2,19,197,1.8924,4775,MALE,0,20b,88,60.8,51.2,9.3,-25.5
111,111,20092010,3,168,80582.44,157486.72,PAL,ADPE,AD 1E,N58,A1,N58A1,BIS,11/12/2009,2009316,12,11/12/2009,2009316,Yes,38.1,16.5,198,-0.37194,3825,FEMALE,1,18,140,73.3,58.2,8.4,-26.6
112,112,20092010,3,168,80582.44,157486.72,PAL,ADPE,AD 1E,N58,A2,N58A2,BIS,11/12/2009,2009316,12,11/12/2009,2009316,Yes,45.6,20.3,191,2.55459,4600,MALE,0,18,140,73.3,58.2,8.7,-26.3
113,113,20092010,3,168,80582.44,157486.72,PAL,ADPE,AD 1E,N60,A1,N60A1,BIS,11/14/2009,2009318,14,11/15/2009,2009319,Yes,39.7,17.7,193,0.14662,3200,FEMALE,1,18,124,68.2,56.7,9,-26.1
114,114,20092010,3,168,80582.44,157486.72,PAL,ADPE,AD 1E,N60,A2,N60A2,BIS,11/14/2009,2009318,14,11/15/2009,2009319,Yes,42.2,19.5,197,1.90977,4275,MALE,0,18,124,68.2,56.7,8.8,-26.4
115,115,20092010,3,168,80582.44,157486.72,PAL,ADPE,AD 1E,N61,A1,N61A1,BIS,11/17/2009,2009321,17,11/17/2009,2009321,Yes,39.6,20.7,191,1.4043,3900,FEMALE,1,19,120,67.2,56,8.8,-26.8
116,116,20092010,3,168,80582.44,157486.72,PAL,ADPE,AD 1E,N61,A2,N61A2,BIS,11/17/2009,2009321,17,11/17/2009,2009321,Yes,42.7,18.3,196,1.35897,4075,MALE,0,19,120,67.2,56,8.9,-26.4
117,117,20092010,3,168,80582.44,157486.72,PAL,ADPE,AD 1E,N63,A1,N63A1,TOR,11/18/2009,2009322,18,11/19/2009,2009323,Yes,38.6,17,188,-0.85606,2900,FEMALE,1,19,122,71.7,54.8,9.2,-25.8
118,118,20092010,3,168,80582.44,157486.72,PAL,ADPE,AD 1E,N63,A2,N63A2,TOR,11/18/2009,2009322,18,11/19/2009,2009323,Yes,37.3,20.5,199,1.46272,3775,MALE,0,19,122,71.7,54.8,9.5,-26.4
120,120,20092010,3,168,80582.44,157486.72,PAL,ADPE,AD 1E,N64,A2,N64A2,TOR,11/22/2009,2009326,22,11/22/2009,2009326,Yes,41.1,18.6,189,0.55939,3325,MALE,0,20b,104,67.3,52.4,9.3,-26.1
123,123,20092010,3,168,80582.44,157486.72,PAL,ADPE,AD 1E,N67,A1,N67A1,TOR,11/16/2009,2009320,16,11/16/2009,2009320,Yes,40.2,17,176,-1.50262,3450,FEMALE,1,18,136,71.7,57.5,9.3,-25.6
124,124,20092010,3,168,80582.44,157486.72,PAL,ADPE,AD 1E,N67,A2,N67A2,TOR,11/16/2009,2009320,16,11/16/2009,2009320,Yes,41.4,18.5,202,1.66681,3875,MALE,0,18,136,71.7,57.5,9.6,-25.4
125,125,20092010,3,168,80582.44,157486.72,PAL,ADPE,AD 1E,N69,A1,N69A1,TOR,11/18/2009,2009322,18,11/18/2009,2009322,Yes,35.2,15.9,186,-2.31548,3050,FEMALE,1,19,99,68.2,50.6,8.8,-26
126,126,20092010,3,168,80582.44,157486.72,PAL,ADPE,AD 1E,N69,A2,N69A2,TOR,11/18/2009,2009322,18,11/18/2009,2009322,Yes,40.6,19,199,1.47777,4000,MALE,0,19,99,68.2,50.6,9.2,-25.6
127,127,20092010,3,168,80582.44,157486.72,PAL,ADPE,AD 1E,N71,A1,N71A1,TOR,11/21/2009,2009325,21,11/21/2009,2009325,Yes,38.8,17.6,191,-0.27058,3275,FEMALE,1,20b,127,73,55.3,8.9,-25.9
128,128,20092010,3,168,80582.44,157486.72,PAL,ADPE,AD 1E,N71,A2,N71A2,TOR,11/21/2009,2009325,21,11/21/2009,2009325,Yes,41.5,18.3,195,1.00658,4300,MALE,0,20b,127,73,55.3,8.5,-26
129,129,20092010,3,168,80582.44,157486.72,PAL,ADPE,AD 1E,N72,A1,N72A1,TOR,11/18/2009,2009322,18,11/19/2009,2009323,Yes,39,17.1,191,-0.46706,3050,FEMALE,1,20b,111,67.7,53.9,9.2,-25.7
130,130,20092010,3,168,80582.44,157486.72,PAL,ADPE,AD 1E,N72,A2,N72A2,TOR,11/18/2009,2009322,18,11/19/2009,2009323,Yes,44.1,18,210,2.69989,4000,MALE,0,20b,111,67.7,53.9,9.1,-26
133,133,20092010,3,168,80582.44,157486.72,PAL,ADPE,AD 1E,N76,A1,N76A1,DRE,11/10/2009,2009314,10,11/10/2009,2009314,Yes,36.8,18.5,193,-0.11663,3500,FEMALE,1,18,98,66.4,51,9,-25.6
134,134,20092010,3,168,80582.44,157486.72,PAL,ADPE,AD 1E,N76,A2,N76A2,DRE,11/10/2009,2009314,10,11/10/2009,2009314,Yes,37.5,18.5,199,0.54248,4475,MALE,0,18,98,66.4,51,8.6,-26.5
135,135,20092010,3,168,80582.44,157486.72,PAL,ADPE,AD 1E,N77,A1,N77A1,DRE,11/13/2009,2009317,13,11/13/2009,2009317,Yes,38.1,17.6,187,-0.76223,3425,FEMALE,1,18,129,73.5,55.8,8.7,-25.8
136,136,20092010,3,168,80582.44,157486.72,PAL,ADPE,AD 1E,N77,A2,N77A2,DRE,11/13/2009,2009317,13,11/13/2009,2009317,Yes,41.1,17.5,190,0.11236,3900,MALE,0,18,129,73.5,55.8,8.9,-26.1
137,137,20092010,3,168,80582.44,157486.72,PAL,ADPE,AD 1E,N78,A1,N78A1,DRE,11/16/2009,2009320,16,11/17/2009,2009321,Yes,35.6,17.5,191,-1.03526,3175,FEMALE,1,19,108,63.5,54.7,8.8,-26
138,138,20092010,3,168,80582.44,157486.72,PAL,ADPE,AD 1E,N78,A2,N78A2,DRE,11/16/2009,2009320,16,11/17/2009,2009321,Yes,40.2,20.1,200,2.00271,3975,MALE,0,19,108,63.5,54.7,9,-26.3
141,141,20092010,3,168,80582.44,157486.72,PAL,ADPE,AD 1E,N80,A1,N80A1,DRE,11/14/2009,2009318,14,11/16/2009,2009320,Yes,40.2,17.1,193,-0.03094,3400,FEMALE,1,19,128,71.9,55.6,9.3,-25.6
142,142,20092010,3,168,80582.44,157486.72,PAL,ADPE,AD 1E,N80,A2,N80A2,DRE,11/14/2009,2009318,14,11/16/2009,2009320,Yes,40.6,17.2,187,-0.39553,3475,MALE,0,19,128,71.9,55.6,9.2,-26
143,143,20092010,3,168,80582.44,157486.72,PAL,ADPE,AD 1E,N81,A1,N81A1,DRE,11/16/2009,2009320,16,11/16/2009,2009320,Yes,32.1,15.5,188,-3.03506,3050,FEMALE,1,19,117,68.8,56,8.8,-26.6
144,144,20092010,3,168,80582.44,157486.72,PAL,ADPE,AD 1E,N81,A2,N81A2,DRE,11/16/2009,2009320,16,11/16/2009,2009320,Yes,40.7,17,190,-0.21845,3725,MALE,0,19,117,68.8,56,9.1,-25.8
145,145,20092010,3,168,80582.44,157486.72,PAL,ADPE,AD 1E,N82,A1,N82A1,DRE,11/16/2009,2009320,16,11/16/2009,2009320,Yes,37.3,16.8,192,-0.90868,3000,FEMALE,1,19,125,72.5,55.1,9.1,-25.9
146,146,20092010,3,168,80582.44,157486.72,PAL,ADPE,AD 1E,N82,A2,N82A2,DRE,11/16/2009,2009320,16,11/16/2009,2009320,Yes,39,18.7,185,-0.19744,3650,MALE,0,19,125,72.5,55.1,9.2,-26
147,147,20092010,3,168,80582.44,157486.72,PAL,ADPE,AD 1E,N83,A1,N83A1,DRE,11/13/2009,2009317,13,11/14/2009,2009318,Yes,39.2,18.6,190,0.21775,4250,MALE,0,18,107,65,53.6,9.1,-25.8
148,148,20092010,3,168,80582.44,157486.72,PAL,ADPE,AD 1E,N83,A2,N83A2,DRE,11/13/2009,2009317,13,11/14/2009,2009318,Yes,36.6,18.4,184,-0.96324,3475,FEMALE,1,18,107,65,53.6,8.7,-25.8
149,149,20092010,3,168,80582.44,157486.72,PAL,ADPE,AD 1E,N84,A1,N84A1,DRE,11/17/2009,2009321,17,11/17/2009,2009321,Yes,36,17.8,195,-0.46603,3450,FEMALE,1,19,126,72.8,55.7,8.9,-25.8
150,150,20092010,3,168,80582.44,157486.72,PAL,ADPE,AD 1E,N84,A2,N84A2,DRE,11/17/2009,2009321,17,11/17/2009,2009321,Yes,37.8,18.1,193,-0.08575,3750,MALE,0,19,126,72.8,55.7,9,-26
151,151,20092010,3,168,80582.44,157486.72,PAL,ADPE,AD 1E,N85,A1,N85A1,DRE,11/17/2009,2009321,17,11/17/2009,2009321,Yes,36,17.1,187,-1.47363,3700,FEMALE,1,Pred,149,76.3,58.5,8.9,-26.1
152,152,20092010,3,168,80582.44,157486.72,PAL,ADPE,AD 1E,N85,A2,N85A2,DRE,11/17/2009,2009321,17,11/17/2009,2009321,Yes,41.5,18.5,201,1.60547,4000,MALE,0,19,149,76.3,58.5,8.9,-26.1
155,3,20072008,1,144,73472.77,75745.07,PAL,CHPE,AD 1E,N62,A1,N62A1,DRE,11/26/2007,2007330,26,11/26/2007,2007330,Yes,51.3,19.2,193,0.625441467,3650,MALE,0,5,104,66.9,52.2,9.3,-24.8
156,4,20072008,1,144,73472.77,75745.07,PAL,CHPE,AD 1E,N62,A2,N62A2,DRE,11/26/2007,2007330,26,11/26/2007,2007330,Yes,45.4,18.7,188,-1.042025654,3525,FEMALE,1,5,104,66.9,52.2,8.6,-24.6
157,5,20072008,1,144,73472.77,75745.07,PAL,CHPE,AD 1E,N64,A1,N64A1,DRE,11/21/2007,2007325,21,11/22/2007,2007326,Yes,52.7,19.8,197,1.49484621,3725,MALE,0,5,96,67,50.5,9,-24.6
158,6,20072008,1,144,73472.77,75745.07,PAL,CHPE,AD 1E,N64,A2,N64A2,DRE,11/21/2007,2007325,21,11/22/2007,2007326,Yes,45.2,17.8,198,-0.791094851,3950,FEMALE,1,5,96,67,50.5,8.9,-24.5
159,7,20072008,1,144,73472.77,75745.07,PAL,CHPE,AD 1E,N66,A1,N66A1,DRE,11/28/2007,2007332,28,11/28/2007,2007332,Yes,46.1,18.2,178,-1.956708031,3250,FEMALE,1,5,99,66.1,51.3,8.9,-24.6
160,8,20072008,1,144,73472.77,75745.07,PAL,CHPE,AD 1E,N66,A2,N66A2,DRE,11/28/2007,2007332,28,11/28/2007,2007332,Yes,51.3,18.2,197,0.39680111,3750,MALE,0,5,99,66.1,51.3,8.6,-24.8
161,9,20072008,1,144,73472.77,75745.07,PAL,CHPE,AD 1E,N67,A1,N67A1,DRE,11/21/2007,2007325,22,11/22/2007,2007326,Yes,46,18.9,195,-0.294395503,4150,FEMALE,1,8a,120,62.1,54.7,8.5,-24.3
162,10,20072008,1,144,73472.77,75745.07,PAL,CHPE,AD 1E,N67,A2,N67A2,DRE,11/21/2007,2007325,22,11/22/2007,2007326,Yes,51.3,19.9,198,1.384074271,3700,MALE,0,8a,120,62.1,54.7,8.8,-24.4
163,11,20072008,1,144,73472.77,75745.07,PAL,CHPE,AD 1E,N68,A1,N68A1,DRE,11/28/2007,2007332,26,11/28/2007,2007332,Yes,46.6,17.8,193,-0.93372867,3800,FEMALE,1,8a,112,66.4,54.5,9,-24.6
164,12,20072008,1,144,73472.77,75745.07,PAL,CHPE,AD 1E,N68,A2,N68A2,DRE,11/28/2007,2007332,26,11/28/2007,2007332,Yes,51.7,20.3,194,1.360228902,3775,MALE,0,8a,112,66.4,54.5,8.7,-24.4
165,13,20072008,1,144,73472.77,75745.07,PAL,CHPE,AD 1E,N69,A1,N69A1,DRE,11/26/2007,2007330,26,11/26/2007,2007330,Yes,47,17.3,185,-1.746586591,3700,FEMALE,1,8a,112,68.1,53.1,8.7,-24.8
166,14,20072008,1,144,73472.77,75745.07,PAL,CHPE,AD 1E,N69,A2,N69A2,DRE,11/26/2007,2007330,26,11/26/2007,2007330,Yes,52,18.1,201,0.770743982,4050,MALE,0,8a,112,68.1,53.1,9,-24.4
167,15,20072008,1,144,73472.77,75745.07,PAL,CHPE,AD 1E,N70,A1,N70A1,DRE,11/22/2007,2007326,22,11/22/2007,2007326,Yes,45.9,17.1,190,-1.659415368,3575,FEMALE,1,6b,102,67.1,51.6,9.1,-24.9
168,16,20072008,1,144,73472.77,75745.07,PAL,CHPE,AD 1E,N70,A2,N70A2,DRE,11/22/2007,2007326,22,11/22/2007,2007326,Yes,50.5,19.6,201,1.315860358,4050,MALE,0,6b,102,67.1,51.6,9.8,-24.7
171,19,20072008,1,144,73472.77,75745.07,PAL,CHPE,AD 1E,N72,A1,N72A1,DRE,11/30/2007,2007334,30,12/3/2007,2007337,Yes,46.4,18.6,190,-0.769907237,3450,FEMALE,1,14a,109,68.2,52.7,9.3,-24.6
172,20,20072008,1,144,73472.77,75745.07,PAL,CHPE,AD 1E,N72,A2,N72A2,DRE,11/30/2007,2007334,30,12/3/2007,2007337,Yes,49.2,18.2,195,-0.118293452,4400,MALE,0,8a,109,68.2,52.7,9.3,-24.6
173,21,20072008,1,144,73472.77,62854.27,PAL,CHPE,AD 1E,N73,A1,N73A1,DRE,12/3/2007,2007337,33,12/3/2007,2007337,Yes,42.4,17.3,181,-2.845654065,3600,FEMALE,1,8a,124,72.3,55,9.4,-24.7
174,22,20072008,1,144,73472.77,62854.27,PAL,CHPE,AD 1E,N73,A2,N73A2,DRE,12/3/2007,2007337,33,12/3/2007,2007337,Yes,48.5,17.5,191,-0.92072176,3400,MALE,0,8a,124,72.3,55,9.4,-24.3
181,29,20082009,2,117,60532.056,47148.46,PAL,CHPE,AD 1E,N62,A1,N62A1,DRE,11/14/2008,2008319,14,11/14/2008,2008319,Yes,46.4,17.8,191,-1.121651064,3700,FEMALE,1,16,114,70.5,53.4,9.4,-24.5
182,30,20082009,2,117,60532.056,47148.46,PAL,CHPE,AD 1E,N62,A2,N62A2,DRE,11/14/2008,2008319,14,11/14/2008,2008319,Yes,52.8,20,205,2.233120032,4550,MALE,0,16,114,70.5,53.4,9.3,-24.7
183,31,20082009,2,117,60532.056,47148.46,PAL,CHPE,AD 1E,N63,A1,N63A1,DRE,11/24/2008,2008329,22,11/24/2008,2008329,Yes,40.9,16.6,187,-3.018422981,3200,FEMALE,1,16,94,66.7,49.8,9.1,-24.5
184,32,20082009,2,117,60532.056,47148.46,PAL,CHPE,AD 1E,N63,A2,N63A2,DRE,11/24/2008,2008329,22,11/24/2008,2008329,Yes,54.2,20.8,201,2.595713259,4300,MALE,0,16,94,66.7,49.8,9.5,-24.6
185,33,20082009,2,117,60532.056,47148.46,PAL,CHPE,AD 1E,N65,A1,N65A1,DRE,11/24/2008,2008329,24,11/24/2008,2008329,Yes,42.5,16.7,187,-2.689348898,3350,FEMALE,1,16,96,67.4,50.3,9.4,-24.5
186,34,20082009,2,117,60532.056,47148.46,PAL,CHPE,AD 1E,N65,A2,N65A2,DRE,11/24/2008,2008329,24,11/24/2008,2008329,Yes,51,18.8,203,1.12695608,4100,MALE,0,16,96,67.4,50.3,9.2,-24.2
187,35,20082009,2,117,60532.056,47148.46,PAL,CHPE,AD 1E,N67,A1,N67A1,DRE,11/25/2008,2008330,25,11/25/2008,2008330,Yes,49.7,18.6,195,0.182047205,3600,MALE,0,16,106,69.1,52.2,9.8,-24.3
188,36,20082009,2,117,60532.056,47148.46,PAL,CHPE,AD 1E,N67,A2,N67A2,DRE,11/25/2008,2008330,25,11/25/2008,2008330,Yes,47.5,16.8,199,-0.853909519,3900,FEMALE,1,16,106,69.1,52.2,9.1,-25.1
189,37,20082009,2,117,60532.056,47148.46,PAL,CHPE,AD 1E,N69,A1,N69A1,DRE,11/14/2008,2008319,14,11/14/2008,2008319,Yes,47.6,18.3,195,-0.340246176,3850,FEMALE,1,16,111,69.6,52.9,8.8,-24.7
190,38,20082009,2,117,60532.056,47148.46,PAL,CHPE,AD 1E,N69,A2,N69A2,DRE,11/14/2008,2008319,14,11/14/2008,2008319,Yes,52,20.7,210,2.853996134,4800,MALE,0,16,111,69.6,52.9,9.4,-24.7
193,41,20082009,2,117,60532.056,47148.46,PAL,CHPE,AD 1E,N74,A1,N74A1,DRE,11/24/2008,2008329,24,11/24/2008,2008329,Yes,49,19.5,210,1.694680347,3950,MALE,0,30,97,64.5,51.2,9.5,-24.7
194,42,20082009,2,117,60532.056,47148.46,PAL,CHPE,AD 1E,N74,A2,N74A2,DRE,11/24/2008,2008329,24,11/24/2008,2008329,Yes,46.2,17.5,187,-1.623738715,3650,FEMALE,1,17,97,64.5,51.2,9.6,-24.7
195,43,20082009,2,117,60532.056,47148.46,PAL,CHPE,AD 1E,N75,A1,N75A1,DRE,11/14/2008,2008319,14,11/14/2008,2008319,Yes,50.9,19.1,196,0.733227265,3550,MALE,0,30,103,67.5,52,10,-24.9
196,44,20082009,2,117,60532.056,47148.46,PAL,CHPE,AD 1E,N75,A2,N75A2,DRE,11/14/2008,2008319,14,11/14/2008,2008319,Yes,45.5,17,196,-1.321404743,3500,FEMALE,1,17,103,67.5,52,9.4,-24.7
197,45,20092010,3,168,80582.44,157486.72,PAL,CHPE,AD 1E,N86,A1,N86A1,DRE,11/17/2009,2009321,17,11/17/2009,2009321,Yes,50.9,17.9,196,0.090499111,3675,FEMALE,1,25,118,70.4,54.7,9.4,-24.2
198,46,20092010,3,168,80582.44,157486.72,PAL,CHPE,AD 1E,N86,A2,N86A2,DRE,11/17/2009,2009321,17,11/17/2009,2009321,Yes,50.8,18.5,201,0.778351647,4450,MALE,0,25,118,70.4,54.7,9.5,-24.4
199,47,20092010,3,168,80582.44,157486.72,PAL,CHPE,AD 1E,N87,A1,N87A1,DRE,11/27/2009,2009331,27,11/27/2009,2009331,Yes,50.1,17.9,190,-0.507707247,3400,FEMALE,1,25,94,64.9,50.9,9.5,-24.5
200,48,20092010,3,168,80582.44,157486.72,PAL,CHPE,AD 1E,N87,A2,N87A2,DRE,11/27/2009,2009331,27,11/27/2009,2009331,Yes,49,19.6,212,1.901724245,4300,MALE,0,25,94,64.9,50.9,9.3,-24.5
201,49,20092010,3,168,80582.44,157486.72,PAL,CHPE,AD 1E,N88,A1,N88A1,DRE,11/23/2009,2009327,23,11/23/2009,2009327,Yes,51.5,18.7,187,-0.068372411,3250,MALE,0,25,94,63.2,50.8,9.7,-24.4
202,50,20092010,3,168,80582.44,157486.72,PAL,CHPE,AD 1E,N88,A2,N88A2,DRE,11/23/2009,2009327,23,11/23/2009,2009327,Yes,49.8,17.3,198,-0.266797213,3675,FEMALE,1,25,94,63.2,50.8,9.3,-24.4
203,51,20092010,3,168,80582.44,157486.72,PAL,CHPE,AD 1E,N90,A1,N90A1,DRE,11/21/2009,2009325,21,11/21/2009,2009325,Yes,48.1,16.4,199,-0.96483471,3325,FEMALE,1,25,95,66.8,50.1,9.5,-24.5
204,52,20092010,3,168,80582.44,157486.72,PAL,CHPE,AD 1E,N90,A2,N90A2,DRE,11/21/2009,2009325,21,11/21/2009,2009325,Yes,51.4,19,201,1.149472571,3950,MALE,0,25,95,66.8,50.1,9.4,-24.4
205,53,20092010,3,168,80582.44,157486.72,PAL,CHPE,AD 1E,N92,A1,N92A1,DRE,11/23/2009,2009327,23,11/23/2009,2009327,Yes,45.7,17.3,193,-1.356508357,3600,FEMALE,1,25,97,67,50.2,9.4,-24.8
206,54,20092010,3,168,80582.44,157486.72,PAL,CHPE,AD 1E,N92,A2,N92A2,DRE,11/23/2009,2009327,23,11/23/2009,2009327,Yes,50.7,19.7,203,1.557343432,4050,MALE,0,30,97,67,50.2,9.9,-24.6
207,55,20092010,3,168,80582.44,157486.72,PAL,CHPE,AD 1E,N93,A1,N93A1,DRE,11/27/2009,2009331,27,11/27/2009,2009331,Yes,42.5,17.3,187,-2.367984821,3350,FEMALE,1,26,97,67.1,50.3,9.6,-24.6
208,56,20092010,3,168,80582.44,157486.72,PAL,CHPE,AD 1E,N93,A2,N93A2,DRE,11/27/2009,2009331,27,11/27/2009,2009331,Yes,52.2,18.8,197,0.873141477,3450,MALE,0,26,97,67.1,50.3,9.8,-24.6
209,57,20092010,3,168,80582.44,157486.72,PAL,CHPE,AD 1E,N94,A1,N94A1,DRE,11/21/2009,2009325,21,11/23/2009,2009327,Yes,45.2,16.6,191,-1.971014271,3250,FEMALE,1,25,97,67.1,50.7,9.6,-24.8
210,58,20092010,3,168,80582.44,157486.72,PAL,CHPE,AD 1E,N94,A2,N94A2,DRE,11/21/2009,2009325,21,11/23/2009,2009327,Yes,49.3,19.9,203,1.423390563,4050,MALE,0,30,97,67.1,50.7,9.9,-24.6
211,59,20092010,3,168,80582.44,157486.72,PAL,CHPE,AD 1E,N95,A1,N95A1,DRE,11/21/2009,2009325,21,11/21/2009,2009325,Yes,50.2,18.8,202,0.912457769,3800,MALE,0,25,129,73.2,55.8,9.7,-24.4
212,60,20092010,3,168,80582.44,157486.72,PAL,CHPE,AD 1E,N95,A2,N95A2,DRE,11/21/2009,2009325,21,11/21/2009,2009325,Yes,45.6,19.4,194,-0.172212065,3525,FEMALE,1,25,129,73.2,55.8,9.5,-24.7
213,61,20092010,3,168,80582.44,157486.72,PAL,CHPE,AD 1E,N96,A1,N96A1,DRE,11/27/2009,2009331,27,11/27/2009,2009331,Yes,51.9,19.5,206,1.887081954,3950,MALE,0,26,97,65.1,51.3,.,-23.8
214,62,20092010,3,168,80582.44,157486.72,PAL,CHPE,AD 1E,N96,A2,N96A2,DRE,11/27/2009,2009331,27,11/27/2009,2009331,Yes,46.8,16.5,189,-1.902544765,3650,FEMALE,1,26,97,65.1,51.3,9.7,-24.5
215,63,20092010,3,168,80582.44,157486.72,PAL,CHPE,AD 1E,N98,A1,N98A1,DRE,11/19/2009,2009323,19,11/19/2009,2009323,Yes,45.7,17,195,-1.363707177,3650,FEMALE,1,25,125,71.5,55.5,9.3,-24.3
216,64,20092010,3,168,80582.44,157486.72,PAL,CHPE,AD 1E,N98,A2,N98A2,DRE,11/19/2009,2009323,19,11/19/2009,2009323,Yes,55.8,19.8,207,2.796069524,4000,MALE,0,25,125,71.5,55.5,9.7,-24.5
219,67,20092010,3,168,80582.44,157486.72,PAL,CHPE,AD 1E,N100,A1,N100A1,DRE,11/21/2009,2009325,21,11/21/2009,2009325,Yes,50.8,19,210,1.736829529,4100,MALE,0,25,108,66,54.6,10,-24.7
220,68,20092010,3,168,80582.44,157486.72,PAL,CHPE,AD 1E,N100,A2,N100A2,DRE,11/21/2009,2009325,21,11/21/2009,2009325,Yes,50.2,18.7,198,0.551930652,3775,FEMALE,1,25,108,66,54.6,9.4,-24.3
221,1,20072008,1,144,73472.77,75745.07,PAL,GEPE,AD 1E,N31,A1,N31A1,BIS,11/27/2007,2007331,26,11/27/2007,2007331,Yes,46.1,13.2,211,-1.870133452,4500,FEMALE,1,4,124,68.1,57.1,8,-25.5
222,2,20072008,1,144,73472.77,75745.07,PAL,GEPE,AD 1E,N31,A2,N31A2,BIS,11/27/2007,2007331,26,11/27/2007,2007331,Yes,50,16.3,230,2.39392494,5700,MALE,0,4,124,68.1,57.1,8.1,-25.4
223,3,20072008,1,144,73472.77,75745.07,PAL,GEPE,AD 1E,N32,A1,N32A1,BIS,11/27/2007,2007331,26,11/27/2007,2007331,Yes,48.7,14.1,210,-0.950122862,4450,FEMALE,1,4,116,65.7,55.7,8.1,-25.5
224,4,20072008,1,144,73472.77,75745.07,PAL,GEPE,AD 1E,N32,A2,N32A2,BIS,11/27/2007,2007331,26,11/27/2007,2007331,Yes,50,15.2,218,0.661002697,5700,MALE,0,4,116,65.7,55.7,8.3,-25.4
225,5,20072008,1,144,73472.77,75745.07,PAL,GEPE,AD 1E,N33,A1,N33A1,BIS,11/18/2007,2007322,18,11/18/2007,2007322,Yes,47.6,14.5,215,-0.464843379,5400,MALE,0,4,117,67.3,54.9,8.2,-25.5
226,6,20072008,1,144,73472.77,75745.07,PAL,GEPE,AD 1E,N33,A2,N33A2,BIS,11/18/2007,2007322,18,11/18/2007,2007322,Yes,46.5,13.5,210,-1.709423624,4550,FEMALE,1,4,117,67.3,54.9,8,-25.3
227,7,20072008,1,144,73472.77,75745.07,PAL,GEPE,AD 1E,N34,A1,N34A1,BIS,11/27/2007,2007331,26,11/27/2007,2007331,Yes,45.4,14.6,211,-1.171146855,4800,FEMALE,1,4,118,66.5,56.7,8.2,-25.5
228,8,20072008,1,144,73472.77,75745.07,PAL,GEPE,AD 1E,N34,A2,N34A2,BIS,11/27/2007,2007331,26,11/27/2007,2007331,Yes,46.7,15.3,219,0.203489442,5200,MALE,0,4,118,66.5,56.7,8.2,-25.4
229,9,20072008,1,144,73472.77,75745.07,PAL,GEPE,AD 1E,N35,A1,N35A1,BIS,11/27/2007,2007331,26,11/27/2007,2007331,Yes,43.3,13.4,209,-2.447221569,4400,FEMALE,1,6b,106,62.8,54.3,8.1,-25.3
230,10,20072008,1,144,73472.77,75745.07,PAL,GEPE,AD 1E,N35,A2,N35A2,BIS,11/27/2007,2007331,26,11/27/2007,2007331,Yes,46.8,15.4,215,-0.079857763,5150,MALE,0,6b,106,62.8,54.3,8.2,-25.4
233,13,20072008,1,144,73472.77,75745.07,PAL,GEPE,AD 1E,N37,A1,N37A1,BIS,11/29/2007,2007333,29,11/29/2007,2007333,Yes,45.5,13.7,214,-1.4142141,4650,FEMALE,1,7a,130,68,57.7,7.8,-25.4
234,14,20072008,1,144,73472.77,75745.07,PAL,GEPE,AD 1E,N37,A2,N37A2,BIS,11/29/2007,2007333,29,11/29/2007,2007333,Yes,48.4,14.6,213,-0.4390353,5850,MALE,0,7a,130,68,57.7,7.8,-25.5
235,15,20072008,1,144,73472.77,62854.27,PAL,GEPE,AD 1E,N38,A1,N38A1,BIS,12/3/2007,2007337,33,12/3/2007,2007337,Yes,45.8,14.6,210,-1.187803973,4200,FEMALE,1,7a,112,64.7,54.9,7.8,-25.6
236,16,20072008,1,144,73472.77,62854.27,PAL,GEPE,AD 1E,N38,A2,N38A2,BIS,12/3/2007,2007337,33,12/3/2007,2007337,Yes,49.3,15.7,217,0.737673723,5850,MALE,0,7a,112,64.7,54.9,8.1,-25.5
237,17,20072008,1,144,73472.77,75745.07,PAL,GEPE,AD 1E,N39,A1,N39A1,BIS,11/27/2007,2007331,26,11/27/2007,2007331,Yes,42,13.5,210,-2.536946763,4150,FEMALE,1,7a,116,64.8,55.5,7.6,-25.5
238,18,20072008,1,144,73472.77,75745.07,PAL,GEPE,AD 1E,N39,A2,N39A2,BIS,11/27/2007,2007331,26,11/27/2007,2007331,Yes,49.2,15.2,221,0.784531665,6300,MALE,0,7a,116,64.8,55.5,8.3,-25
239,19,20072008,1,144,73472.77,75745.07,PAL,GEPE,AD 1E,N40,A1,N40A1,BIS,11/27/2007,2007331,27,11/27/2007,2007331,Yes,46.2,14.5,209,-1.263583407,4800,FEMALE,1,29,129,66.5,57.5,7.8,-25.4
240,20,20072008,1,144,73472.77,75745.07,PAL,GEPE,AD 1E,N40,A2,N40A2,BIS,11/27/2007,2007331,27,11/27/2007,2007331,Yes,48.7,15.1,222,0.723677065,5350,MALE,0,29,129,66.5,57.5,8,-25.4
241,21,20072008,1,144,73472.77,75745.07,PAL,GEPE,AD 1E,N41,A1,N41A1,BIS,11/27/2007,2007331,27,11/27/2007,2007331,Yes,50.2,14.3,218,0.165680662,5700,MALE,0,29,117,66.7,55.3,7.9,-25.4
242,22,20072008,1,144,73472.77,75745.07,PAL,GEPE,AD 1E,N41,A2,N41A2,BIS,11/27/2007,2007331,27,11/27/2007,2007331,Yes,45.1,14.5,215,-0.924578456,5000,FEMALE,1,29,117,66.7,55.3,7.6,-25.5
243,23,20072008,1,144,73472.77,75745.07,PAL,GEPE,AD 1E,N42,A1,N42A1,BIS,11/27/2007,2007331,26,11/27/2007,2007331,Yes,46.5,14.5,213,-0.847556275,4400,FEMALE,1,29,120,70.1,54.4,7.9,-25.4
244,24,20072008,1,144,73472.77,75745.07,PAL,GEPE,AD 1E,N42,A2,N42A2,BIS,11/27/2007,2007331,26,11/27/2007,2007331,Yes,46.3,15.8,215,0.064684484,5050,MALE,0,29,120,70.1,54.4,7.9,-25.4
245,25,20072008,1,144,73472.77,75745.07,PAL,GEPE,AD 1E,N44,A1,N44A1,BIS,11/29/2007,2007333,29,11/29/2007,2007333,Yes,42.9,13.1,215,-2.156857744,5000,FEMALE,1,7a,126,68.4,56.7,7.7,-25.4
246,26,20072008,1,144,73472.77,75745.07,PAL,GEPE,AD 1E,N44,A2,N44A2,BIS,11/29/2007,2007333,29,11/29/2007,2007333,Yes,46.1,15.1,215,-0.385950531,5100,MALE,0,7a,126,68.4,56.7,7.8,-25.4
247,27,20072008,1,144,73472.77,75745.07,PAL,GEPE,AD 1E,N46,A1,N46A1,BIS,11/29/2007,2007333,29,11/29/2007,2007333,Yes,44.5,14.3,216,-1.062944775,4100,FEMALE,1,Pred,122,69.1,55.9,8,-25.7
248,28,20072008,1,144,73472.77,75745.07,PAL,GEPE,AD 1E,N46,A2,N46A2,BIS,11/29/2007,2007333,29,11/29/2007,2007333,Yes,47.8,15,215,-0.132452995,5650,MALE,0,29,122,69.1,55.9,7.9,-25.5
249,29,20072008,1,144,73472.77,75745.07,PAL,GEPE,AD 1E,N47,A1,N47A1,BIS,11/29/2007,2007333,29,11/29/2007,2007333,Yes,48.2,14.3,210,-0.923825246,4600,FEMALE,1,7a,141,74.3,57.4,7.7,-25.5
250,30,20072008,1,144,73472.77,75745.07,PAL,GEPE,AD 1E,N47,A2,N47A2,BIS,11/29/2007,2007333,29,11/29/2007,2007333,Yes,50,15.3,220,0.900554475,5550,MALE,0,7a,141,74.3,57.4,8.3,-25.2
252,32,20072008,1,144,73472.77,75745.07,PAL,GEPE,AD 1E,N50,A2,N50A2,BIS,11/29/2007,2007333,29,11/29/2007,2007333,Yes,42.8,14.2,209,-2.066190059,4700,FEMALE,1,8a,120,66.4,56.5,7.6,-25.5
253,33,20072008,1,144,73472.77,62854.27,PAL,GEPE,AD 1E,N56,A1,N56A1,BIS,12/3/2007,2007337,33,12/3/2007,2007337,Yes,45.1,14.5,207,-1.646296303,5050,FEMALE,1,8a,120,65.2,56.1,8,-25.5
254,34,20072008,1,144,73472.77,62854.27,PAL,GEPE,AD 1E,N56,A2,N56A2,BIS,12/3/2007,2007337,33,12/3/2007,2007337,Yes,59.6,17,230,4.573163846,6050,MALE,0,8a,120,65.2,56.1,7.8,-25.7
255,35,20082009,2,117,60532.056,47148.46,PAL,GEPE,AD 1E,N2,A1,N2A1,BIS,11/13/2008,2008318,13,11/13/2008,2008318,Yes,49.1,14.8,220,0.439438268,5150,FEMALE,1,13,124,67.8,57.5,7.9,-26.6
256,36,20082009,2,117,60532.056,47148.46,PAL,GEPE,AD 1E,N2,A2,N2A2,BIS,11/13/2008,2008318,13,11/13/2008,2008318,Yes,48.4,16.3,220,1.197547182,5400,MALE,0,13,124,67.8,57.5,8,-26.9
257,37,20082009,2,117,60532.056,47148.46,PAL,GEPE,AD 1E,N4,A1,N4A1,BIS,11/2/2008,2008307,2,11/2/2008,2008307,Yes,42.6,13.7,213,-2.037721521,4950,FEMALE,1,13,138,70,59,8,-26.7
258,38,20082009,2,117,60532.056,47148.46,PAL,GEPE,AD 1E,N4,A2,N4A2,BIS,11/2/2008,2008307,2,11/2/2008,2008307,Yes,44.4,17.3,219,0.962979484,5250,MALE,0,13,138,70,59,8.1,-26.8
259,39,20082009,2,117,60532.056,47148.46,PAL,GEPE,AD 1E,N5,A1,N5A1,BIS,11/9/2008,2008314,9,11/9/2008,2008314,Yes,44,13.6,208,-2.290465847,4350,FEMALE,1,13,122,67.9,56.5,8,-26.7
260,40,20082009,2,117,60532.056,47148.46,PAL,GEPE,AD 1E,N5,A2,N5A2,BIS,11/9/2008,2008314,9,11/9/2008,2008314,Yes,48.7,15.7,208,-0.184595273,5350,MALE,0,13,122,67.9,56.5,8.1,-26.8
263,43,20082009,2,117,60532.056,47148.46,PAL,GEPE,AD 1E,N7,A1,N7A1,BIS,11/4/2008,2008309,4,11/4/2008,2008309,Yes,45.3,13.7,210,-1.81185183,4300,FEMALE,1,13,133,67.9,58.4,8.4,-26.7
264,44,20082009,2,117,60532.056,47148.46,PAL,GEPE,AD 1E,N7,A2,N7A2,BIS,11/4/2008,2008309,4,11/4/2008,2008309,Yes,49.6,15,216,0.288770992,4750,MALE,0,13,133,67.9,58.4,8.3,-26.8
265,45,20082009,2,117,60532.056,47148.46,PAL,GEPE,AD 1E,N8,A1,N8A1,BIS,11/3/2008,2008308,3,11/3/2008,2008308,Yes,50.5,15.9,222,1.527664846,5550,MALE,0,14b,127,66.9,57.8,8.5,-26.6
266,46,20082009,2,117,60532.056,47148.46,PAL,GEPE,AD 1E,N8,A2,N8A2,BIS,11/3/2008,2008308,3,11/3/2008,2008308,Yes,43.6,13.9,217,-1.374723935,4900,FEMALE,1,14b,127,66.9,57.8,8.3,-26.8
269,49,20082009,2,117,60532.056,47148.46,PAL,GEPE,AD 1E,N12,A1,N12A1,BIS,11/2/2008,2008307,2,11/2/2008,2008307,Yes,44.9,13.3,213,-1.851254512,5100,FEMALE,1,14b,120,67.2,56.2,8.5,-26.9
270,50,20082009,2,117,60532.056,47148.46,PAL,GEPE,AD 1E,N12,A2,N12A2,BIS,11/2/2008,2008307,2,11/2/2008,2008307,Yes,45.2,15.8,215,-0.13759895,5300,MALE,0,14b,120,67.2,56.2,8.6,-26.7
271,51,20082009,2,117,60532.056,47148.46,PAL,GEPE,AD 1E,N13,A1,N13A1,BIS,11/4/2008,2008309,4,11/6/2008,2008311,Yes,46.6,14.2,210,-1.277178011,4850,FEMALE,1,14b,126,67.6,57.8,8.4,-26.9
272,52,20082009,2,117,60532.056,47148.46,PAL,GEPE,AD 1E,N13,A2,N13A2,BIS,11/4/2008,2008309,4,11/6/2008,2008311,Yes,48.5,14.1,220,-0.08475436,5300,MALE,0,14b,126,67.6,57.8,8.4,-26.8
273,53,20082009,2,117,60532.056,47148.46,PAL,GEPE,AD 1E,N14,A1,N14A1,BIS,11/4/2008,2008309,4,11/4/2008,2008309,Yes,45.1,14.4,210,-1.434774426,4400,FEMALE,1,15,127,66.9,57.8,8.5,-27
274,54,20082009,2,117,60532.056,47148.46,PAL,GEPE,AD 1E,N14,A2,N14A2,BIS,11/4/2008,2008309,4,11/4/2008,2008309,Yes,50.1,15,225,1.192650585,5000,MALE,0,15,127,66.9,57.8,8.5,-26.6
275,55,20082009,2,117,60532.056,47148.46,PAL,GEPE,AD 1E,N15,A1,N15A1,BIS,11/4/2008,2008309,4,11/4/2008,2008309,Yes,46.5,14.4,217,-0.545819667,4900,FEMALE,1,15,132,67.5,58.9,8.5,-26.8
276,56,20082009,2,117,60532.056,47148.46,PAL,GEPE,AD 1E,N15,A2,N15A2,BIS,11/4/2008,2008309,4,11/4/2008,2008309,Yes,45,15.4,220,0.040206636,5050,MALE,0,15,132,67.5,58.9,8.6,-26.8
277,57,20082009,2,117,60532.056,47148.46,PAL,GEPE,AD 1E,N16,A1,N16A1,BIS,11/3/2008,2008308,3,11/3/2008,2008308,Yes,43.8,13.9,208,-2.149877706,4300,FEMALE,1,15,121,64.6,57.5,8.6,-26.8
278,58,20082009,2,117,60532.056,47148.46,PAL,GEPE,AD 1E,N16,A2,N16A2,BIS,11/3/2008,2008308,3,11/3/2008,2008308,Yes,45.5,15,220,-0.104335611,5000,MALE,0,15,121,64.6,57.5,8.6,-26.7
279,59,20082009,2,117,60532.056,47148.46,PAL,GEPE,AD 1E,N17,A1,N17A1,BIS,11/6/2008,2008311,6,11/6/2008,2008311,Yes,43.2,14.5,208,-1.905480231,4450,FEMALE,1,15,132,68,58.7,8.5,-26.9
280,60,20082009,2,117,60532.056,47148.46,PAL,GEPE,AD 1E,N17,A2,N17A2,BIS,11/6/2008,2008311,6,11/6/2008,2008311,Yes,50.4,15.3,224,1.33497101,5550,MALE,0,15,132,68,58.7,8.7,-26.8
281,61,20082009,2,117,60532.056,47148.46,PAL,GEPE,AD 1E,N18,A1,N18A1,BIS,11/3/2008,2008308,3,11/3/2008,2008308,Yes,45.3,13.8,208,-1.933158976,4200,FEMALE,1,15,111,65.4,55.4,8.7,-26.8
282,62,20082009,2,117,60532.056,47148.46,PAL,GEPE,AD 1E,N18,A2,N18A2,BIS,11/3/2008,2008308,3,11/3/2008,2008308,Yes,46.2,14.9,221,0.055482625,5300,MALE,0,15,111,65.4,55.4,8.6,-26.8
283,63,20082009,2,117,60532.056,47148.46,PAL,GEPE,AD 1E,N19,A1,N19A1,BIS,11/13/2008,2008318,13,11/13/2008,2008318,Yes,45.7,13.9,214,-1.259190663,4400,FEMALE,1,15,132,68.5,58.5,8.6,-26.6
284,64,20082009,2,117,60532.056,47148.46,PAL,GEPE,AD 1E,N19,A2,N19A2,BIS,11/13/2008,2008318,13,11/13/2008,2008318,Yes,54.3,15.7,231,2.920150109,5650,MALE,0,15,132,68.5,58.5,8.5,-26.8
285,65,20082009,2,117,60532.056,47148.46,PAL,GEPE,AD 1E,N20,A1,N20A1,BIS,11/4/2008,2008309,4,11/6/2008,2008311,Yes,45.8,14.2,219,-0.612360658,4700,FEMALE,1,15,136,70.3,58.5,8.6,-26.6
286,66,20082009,2,117,60532.056,47148.46,PAL,GEPE,AD 1E,N20,A2,N20A2,BIS,11/4/2008,2008309,4,11/6/2008,2008311,Yes,49.8,16.8,230,2.652757712,5700,MALE,0,15,136,70.3,58.5,8.5,-26.7
287,67,20082009,2,117,60532.056,47148.46,PAL,GEPE,AD 1E,N51,A1,N51A1,BIS,11/9/2008,2008314,15,11/15/2008,2008320,Yes,46.2,14.4,214,-0.871632069,4650,FEMALE,1,Pred,119,66.5,56.1,8.2,-26.8
288,68,20082009,2,117,60532.056,47148.46,PAL,GEPE,AD 1E,N51,A2,N51A2,BIS,11/9/2008,2008314,15,11/15/2008,2008320,Yes,49.5,16.2,229,2.152640878,5800,MALE,0,15,119,66.5,56.1,8.5,-26.7
289,69,20082009,2,117,60532.056,47148.46,PAL,GEPE,AD 1E,N53,A1,N53A1,BIS,11/13/2008,2008318,13,11/13/2008,2008318,Yes,43.5,14.2,220,-0.945102199,4700,FEMALE,1,15,138,72.1,57.3,8.6,-26.7
290,70,20082009,2,117,60532.056,47148.46,PAL,GEPE,AD 1E,N53,A2,N53A2,BIS,11/13/2008,2008318,13,11/13/2008,2008318,Yes,50.7,15,223,1.122557542,5550,MALE,0,15,138,72.1,57.3,8.6,-26.7
291,71,20082009,2,117,60532.056,47148.46,PAL,GEPE,AD 1E,N54,A1,N54A1,BIS,11/3/2008,2008308,3,11/3/2008,2008308,Yes,47.7,15,216,-0.060627667,4750,FEMALE,1,15,130,69,58,8.5,-26.7
292,72,20082009,2,117,60532.056,47148.46,PAL,GEPE,AD 1E,N54,A2,N54A2,BIS,11/3/2008,2008308,3,11/3/2008,2008308,Yes,46.4,15.6,221,0.506117641,5000,MALE,0,15,130,69,58,8.4,-26.7
293,73,20082009,2,117,60532.056,47148.46,PAL,GEPE,AD 1E,N55,A1,N55A1,BIS,11/9/2008,2008314,9,11/9/2008,2008314,Yes,48.2,15.6,221,0.837126897,5100,MALE,0,16,128,67.1,57.1,8.2,-26.7
294,74,20082009,2,117,60532.056,47148.46,PAL,GEPE,AD 1E,N55,A2,N55A2,BIS,11/9/2008,2008314,9,11/9/2008,2008314,Yes,46.5,14.8,217,-0.309330404,5200,FEMALE,1,16,128,67.1,57.1,8.6,-26.6
295,75,20082009,2,117,60532.056,47148.46,PAL,GEPE,AD 1E,N56,A1,N56A1,BIS,11/6/2008,2008311,6,11/6/2008,2008311,Yes,46.4,15,216,-0.299689907,4700,FEMALE,1,16,127,71,56.2,8.5,-27
296,76,20082009,2,117,60532.056,47148.46,PAL,GEPE,AD 1E,N56,A2,N56A2,BIS,11/6/2008,2008311,6,11/6/2008,2008311,Yes,48.6,16,230,1.959106349,5800,MALE,0,16,127,71,56.2,8.6,-26.7
297,77,20082009,2,117,60532.056,47148.46,PAL,GEPE,AD 1E,N58,A1,N58A1,BIS,11/6/2008,2008311,6,11/6/2008,2008311,Yes,47.5,14.2,209,-1.201888114,4600,FEMALE,1,16,111,64.8,54.9,8.4,-26.8
298,78,20082009,2,117,60532.056,47148.46,PAL,GEPE,AD 1E,N58,A2,N58A2,BIS,11/6/2008,2008311,6,11/6/2008,2008311,Yes,51.1,16.3,220,1.694061065,6000,MALE,0,16,111,64.8,54.9,8.4,-26.8
299,79,20082009,2,117,60532.056,47148.46,PAL,GEPE,AD 1E,N60,A1,N60A1,BIS,11/9/2008,2008314,9,11/9/2008,2008314,Yes,45.2,13.8,215,-1.320045263,4750,FEMALE,1,16,113,66,54.7,8.2,-26.7
300,80,20082009,2,117,60532.056,47148.46,PAL,GEPE,AD 1E,N60,A2,N60A2,BIS,11/9/2008,2008314,9,11/9/2008,2008314,Yes,45.2,16.4,223,0.938852791,5950,MALE,0,16,113,66,54.7,8.2,-26.7
301,81,20092010,3,168,80582.44,157486.72,PAL,GEPE,AD 1E,N1,A1,N1A1,BIS,11/18/2009,2009322,18,11/18/2009,2009322,Yes,49.1,14.5,212,-0.459646525,4625,FEMALE,1,20b,114,70.6,54.2,8.4,-26.3
302,82,20092010,3,168,80582.44,157486.72,PAL,GEPE,AD 1E,N1,A2,N1A2,BIS,11/18/2009,2009322,18,11/18/2009,2009322,Yes,52.5,15.6,221,1.62787123,5450,MALE,0,20b,114,70.6,54.2,8.3,-26.3
303,83,20092010,3,168,80582.44,157486.72,PAL,GEPE,AD 1E,N6,A1,N6A1,BIS,11/15/2009,2009319,15,11/15/2009,2009319,Yes,47.4,14.6,212,-0.713144062,4725,FEMALE,1,20b,128,66.8,57.4,8.2,-26.2
304,84,20092010,3,168,80582.44,157486.72,PAL,GEPE,AD 1E,N6,A2,N6A2,BIS,11/15/2009,2009319,15,11/15/2009,2009319,Yes,50,15.9,224,1.616147292,5350,MALE,0,24,128,66.8,57.4,8.2,-26.4
305,85,20092010,3,168,80582.44,157486.72,PAL,GEPE,AD 1E,N8,A1,N8A1,BIS,11/22/2009,2009326,22,11/22/2009,2009326,Yes,44.9,13.8,212,-1.645857665,4750,FEMALE,1,21,121,69.2,55.3,8.1,-26.2
306,86,20092010,3,168,80582.44,157486.72,PAL,GEPE,AD 1E,N8,A2,N8A2,BIS,11/22/2009,2009326,22,11/22/2009,2009326,Yes,50.8,17.3,228,2.951833859,5600,MALE,0,24,121,69.2,55.3,8.3,-26.3
307,87,20092010,3,168,80582.44,157486.72,PAL,GEPE,AD 1E,N13,A1,N13A1,BIS,11/20/2009,2009324,19,11/20/2009,2009324,Yes,43.4,14.4,218,-1.025676432,4600,FEMALE,1,21,125,65.6,57.3,8.2,-26.2
308,88,20092010,3,168,80582.44,157486.72,PAL,GEPE,AD 1E,N13,A2,N13A2,BIS,11/20/2009,2009324,19,11/20/2009,2009324,Yes,51.3,14.2,218,0.308841781,5300,MALE,0,21,125,65.6,57.3,8.2,-26.3
309,89,20092010,3,168,80582.44,157486.72,PAL,GEPE,AD 1E,N14,A1,N14A1,BIS,11/25/2009,2009329,25,11/25/2009,2009329,Yes,47.5,14,212,-1.049488553,4875,FEMALE,1,21,115,63.8,56.3,8.1,-26.2
310,90,20092010,3,168,80582.44,157486.72,PAL,GEPE,AD 1E,N14,A2,N14A2,BIS,11/25/2009,2009329,25,11/25/2009,2009329,Yes,52.1,17,230,3.193958614,5550,MALE,0,21,115,63.8,56.3,8.3,-26.1
311,91,20092010,3,168,80582.44,157486.72,PAL,GEPE,AD 1E,N15,A1,N15A1,BIS,11/25/2009,2009329,25,11/27/2009,2009331,Yes,47.5,15,218,0.083022989,4950,FEMALE,1,22,129,66.3,58.6,8.3,-26.1
312,92,20092010,3,168,80582.44,157486.72,PAL,GEPE,AD 1E,N15,A2,N15A2,BIS,11/25/2009,2009329,25,11/27/2009,2009331,Yes,52.2,17.1,228,3.091040871,5400,MALE,0,22,129,66.3,58.6,8.4,-25.9
313,93,20092010,3,168,80582.44,136900.2,PAL,GEPE,AD 1E,N18,A1,N18A1,BIS,12/1/2009,2009335,31,12/1/2009,2009335,Yes,45.5,14.5,212,-1.121665036,4750,FEMALE,1,22,134,67.9,58.8,8.2,-26.2
314,94,20092010,3,168,80582.44,136900.2,PAL,GEPE,AD 1E,N18,A2,N18A2,BIS,12/1/2009,2009335,31,12/1/2009,2009335,Yes,49.5,16.1,224,1.642444908,5650,MALE,0,22,134,67.9,58.8,8.8,-25.7
315,95,20092010,3,168,80582.44,157486.72,PAL,GEPE,AD 1E,N19,A1,N19A1,BIS,11/27/2009,2009331,27,11/27/2009,2009331,Yes,44.5,14.7,214,-1.006884974,4850,FEMALE,1,22,174,78.8,63.3,8.2,-26.2
316,96,20092010,3,168,80582.44,157486.72,PAL,GEPE,AD 1E,N19,A2,N19A2,BIS,11/27/2009,2009331,27,11/27/2009,2009331,Yes,50.8,15.7,226,1.825447347,5200,MALE,0,22,174,78.8,63.3,8.3,-26.1
317,97,20092010,3,168,80582.44,157486.72,PAL,GEPE,AD 1E,N20,A1,N20A1,BIS,11/18/2009,2009322,18,11/18/2009,2009322,Yes,49.4,15.8,216,0.724970711,4925,MALE,0,21,111,67.1,53.9,8,-26.1
318,98,20092010,3,168,80582.44,157486.72,PAL,GEPE,AD 1E,N20,A2,N20A2,BIS,11/18/2009,2009322,18,11/18/2009,2009322,Yes,46.9,14.6,222,0.097056231,4875,FEMALE,1,21,111,67.1,53.9,7.9,-26
319,99,20092010,3,168,80582.44,157486.72,PAL,GEPE,AD 1E,N21,A1,N21A1,BIS,11/18/2009,2009322,15,11/18/2009,2009322,Yes,48.4,14.4,203,-1.45942724,4625,FEMALE,1,21,120,68.2,55.5,8.2,-26.1
320,100,20092010,3,168,80582.44,157486.72,PAL,GEPE,AD 1E,N21,A2,N21A2,BIS,11/18/2009,2009322,15,11/18/2009,2009322,Yes,51.1,16.5,225,2.263379351,5250,MALE,0,21,120,68.2,55.5,8.2,-26.4
321,101,20092010,3,168,80582.44,157486.72,PAL,GEPE,AD 1E,N22,A1,N22A1,BIS,11/22/2009,2009326,22,11/22/2009,2009326,Yes,48.5,15,219,0.35713175,4850,FEMALE,1,24,129,69.7,56.8,8.1,-26.2
322,102,20092010,3,168,80582.44,157486.72,PAL,GEPE,AD 1E,N22,A2,N22A2,BIS,11/22/2009,2009326,22,11/22/2009,2009326,Yes,55.9,17,228,3.71232647,5600,MALE,0,24,129,69.7,56.8,8.3,-26.4
323,103,20092010,3,168,80582.44,157486.72,PAL,GEPE,AD 1E,N23,A1,N23A1,BIS,11/18/2009,2009322,18,11/18/2009,2009322,Yes,47.2,15.5,215,0.052822165,4975,FEMALE,1,21,125,68.5,56.5,8.3,-26.2
324,104,20092010,3,168,80582.44,157486.72,PAL,GEPE,AD 1E,N23,A2,N23A2,BIS,11/18/2009,2009322,18,11/18/2009,2009322,Yes,49.1,15,228,1.279400746,5500,MALE,0,21,125,68.5,56.5,8.7,-25.8
325,105,20092010,3,168,80582.44,136900.2,PAL,GEPE,AD 1E,N24,A1,N24A1,BIS,12/1/2009,2009335,31,12/1/2009,2009335,Yes,47.3,13.8,216,-0.843653067,4725,FEMALE,1,Pred,122,69.1,56.5,8.3,-26.2
326,106,20092010,3,168,80582.44,136900.2,PAL,GEPE,AD 1E,N24,A2,N24A2,BIS,12/1/2009,2009335,31,12/1/2009,2009335,Yes,46.8,16.1,215,0.333998447,5500,MALE,0,22,122,69.1,56.5,8.3,-26.1
327,107,20092010,3,168,80582.44,157486.72,PAL,GEPE,AD 1E,N28,A1,N28A1,BIS,11/10/2009,2009314,9,11/10/2009,2009314,Yes,41.7,14.7,210,-1.882647184,4700,FEMALE,1,20b,135,71.9,58.1,8.1,-26.4
328,108,20092010,3,168,80582.44,157486.72,PAL,GEPE,AD 1E,N28,A2,N28A2,BIS,11/10/2009,2009314,9,11/10/2009,2009314,Yes,53.4,15.8,219,1.731191027,5500,MALE,0,20b,135,71.9,58.1,8.4,-26.3
329,109,20092010,3,168,80582.44,157486.72,PAL,GEPE,AD 1E,N29,A1,N29A1,BIS,11/9/2009,2009313,9,11/9/2009,2009313,Yes,43.3,14,208,-2.182702406,4575,FEMALE,1,20b,124,69.2,56.4,8.4,-26.4
330,110,20092010,3,168,80582.44,157486.72,PAL,GEPE,AD 1E,N29,A2,N29A2,BIS,11/9/2009,2009313,9,11/9/2009,2009313,Yes,48.1,15.1,209,-0.559450855,5500,MALE,0,20b,124,69.2,56.4,8.5,-26.2
331,111,20092010,3,168,80582.44,157486.72,PAL,GEPE,AD 1E,N32,A1,N32A1,BIS,11/20/2009,2009324,20,11/20/2009,2009324,Yes,50.5,15.2,216,0.572520251,5000,FEMALE,1,21,137,68.8,59,8.2,-26.2
332,112,20092010,3,168,80582.44,157486.72,PAL,GEPE,AD 1E,N32,A2,N32A2,BIS,11/20/2009,2009324,20,11/20/2009,2009324,Yes,49.8,15.9,229,2.03044214,5950,MALE,0,21,137,68.8,59,8.3,-26.2
333,113,20092010,3,168,80582.44,157486.72,PAL,GEPE,AD 1E,N34,A1,N34A1,BIS,11/27/2009,2009331,27,11/27/2009,2009331,Yes,43.5,15.2,213,-0.985382158,4650,FEMALE,1,22,130,69.8,57.3,8.2,-26.1
334,114,20092010,3,168,80582.44,157486.72,PAL,GEPE,AD 1E,N34,A2,N34A2,BIS,11/27/2009,2009331,27,11/27/2009,2009331,Yes,51.5,16.3,230,2.669765986,5500,MALE,0,22,130,69.8,57.3,8.8,-25.8
335,115,20092010,3,168,80582.44,157486.72,PAL,GEPE,AD 1E,N35,A1,N35A1,BIS,11/25/2009,2009329,25,11/27/2009,2009331,Yes,46.2,14.1,217,-0.778354823,4375,FEMALE,1,22,131,67,59,8.3,-26
336,116,20092010,3,168,80582.44,157486.72,PAL,GEPE,AD 1E,N35,A2,N35A2,BIS,11/25/2009,2009329,25,11/27/2009,2009331,Yes,55.1,16,230,3.15441755,5850,MALE,0,22,131,67,59,8.1,-26.2
337,117,20092010,3,168,80582.44,136900.2,PAL,GEPE,AD 1E,N36,A1,N36A1,BIS,12/1/2009,2009335,31,12/1/2009,2009335,Yes,44.5,15.7,217,-0.145017625,4875,FEMALE,1,Pred,132,68.7,58.6,8,-26.2
338,118,20092010,3,168,80582.44,136900.2,PAL,GEPE,AD 1E,N36,A2,N36A2,BIS,12/1/2009,2009335,31,12/1/2009,2009335,Yes,48.8,16.2,222,1.39241194,6000,MALE,0,22,132,68.7,58.6,8.3,-25.9
341,121,20092010,3,168,80582.44,157486.72,PAL,GEPE,AD 1E,N39,A1,N39A1,BIS,11/22/2009,2009326,22,11/22/2009,2009326,Yes,46.8,14.3,215,-0.730203235,4850,FEMALE,1,24,132,69,58,8.4,-26.1
342,122,20092010,3,168,80582.44,157486.72,PAL,GEPE,AD 1E,N39,A2,N39A2,BIS,11/22/2009,2009326,22,11/22/2009,2009326,Yes,50.4,15.7,222,1.391030811,5750,MALE,0,24,132,69,58,8.3,-26
343,123,20092010,3,168,80582.44,157486.72,PAL,GEPE,AD 1E,N43,A1,N43A1,BIS,11/22/2009,2009326,22,11/22/2009,2009326,Yes,45.2,14.8,212,-0.999466299,5200,FEMALE,1,24,128,72.2,56.3,8.2,-26.1
344,124,20092010,3,168,80582.44,157486.72,PAL,GEPE,AD 1E,N43,A2,N43A2,BIS,11/22/2009,2009326,22,11/22/2009,2009326,Yes,49.9,16.1,213,0.723640481,5400,MALE,0,24,128,72.2,56.3,8.4,-26.2